upm,particion
0000001,test
0000002,train
0000003,train
0000004,test
0000005,train
0000006,train
0000007,train
0000008,train
0000009,test
0000010,train
0000011,test
0000012,train
0000013,validation
0000014,train
0000015,test
0000016,train
0000017,train
0000018,train
0000019,train
0000020,test
0000021,train
0000022,train
0000023,train
0000024,test
0000025,validation
0000026,train
0000027,validation
0000028,train
0000029,train
0000030,test
0000031,train
0000032,test
0000033,validation
0000034,test
0000035,train
0000036,test
0000037,test
0000038,train
0000039,validation
0000040,test
0000041,train
0000042,train
0000043,train
0000044,train
0000045,validation
0000046,train
0000047,validation
0000048,test
0000049,train
0000050,train
0000051,test
0000052,train
0000053,validation
0000054,train
0000055,train
0000056,train
0000057,validation
0000058,train
0000059,train
0000060,train
0000061,train
0000062,train
0000063,train
0000064,test
0000065,validation
0000066,train
0000067,validation
0000068,validation
0000069,train
0000070,train
0000071,train
0000072,train
0000073,validation
0000074,train
0000075,validation
0000076,train
0000077,test
0000078,train
0000079,validation
0000080,train
0000081,test
0000082,train
0000083,train
0000084,validation
0000085,train
0000086,train
0000087,train
0000088,validation
0000089,test
0000090,train
0000091,train
0000092,train
0000093,test
0000094,test
0000095,validation
0000096,test
0000097,test
0000098,train
0000099,train
0000100,train
0000101,train
0000102,test
0000103,train
0000104,test
0000105,validation
0000106,validation
0000107,test
0000108,test
0000109,test
0000110,train
0000111,train
0000112,train
0000113,train
0000114,train
0000115,train
0000116,validation
0000117,train
0000118,train
0000119,train
0000120,test
0000121,validation
0000122,train
0000123,validation
0000124,train
0000125,validation
0000126,validation
0000127,train
0000128,train
0000129,validation
0000130,train
0000131,validation
0000132,test
0000133,train
0000134,train
0000135,train
0000136,test
0000137,train
0000138,validation
0000139,validation
0000140,train
0000141,train
0000142,train
0000143,train
0000144,train
0000145,test
0000146,train
0000147,train
0000148,train
0000149,train
0000150,test
0000151,train
0000152,validation
0000153,train
0000154,train
0000155,validation
0000156,train
0000157,train
0000158,test
0000159,train
0000160,train
0000161,train
0000162,train
0000163,train
0000164,train
0000165,train
0000166,validation
0000167,validation
0000168,test
0000169,train
0000170,test
0000171,train
0000172,train
0000173,train
0000174,train
0000175,train
0000176,train
0000177,train
0000178,train
0000179,train
0000180,train
0000181,train
0000182,train
0000183,train
0000184,train
0000185,train
0000186,test
0000187,validation
0000188,train
0000189,train
0000190,train
0000191,train
0000192,train
0000193,train
0000194,validation
0000195,validation
0000196,train
0000197,train
0000198,train
0000199,train
0000200,train
0000201,train
0000202,train
0000203,train
0000204,train
0000205,validation
0000206,validation
0000207,validation
0000208,train
0000209,train
0000210,train
0000211,test
0000212,train
0000213,test
0000214,train
0000215,train
0000216,validation
0000217,test
0000218,test
0000219,validation
0000220,train
0000221,validation
0000222,validation
0000223,test
0000224,validation
0000225,train
0000226,train
0000227,train
0000228,test
0000229,validation
0000230,train
0000231,train
0000232,validation
0000233,train
0000234,train
0000235,train
0000236,train
0000237,train
0000238,train
0000239,train
0000240,test
0000241,train
0000242,train
0000243,train
0000244,validation
0000245,train
0000246,test
0000247,train
0000248,train
0000249,test
0000250,train
0000251,train
0000252,test
0000253,test
0000254,train
0000255,train
0000256,train
0000257,train
0000258,train
0000259,train
0000260,test
0000261,validation
0000262,validation
0000263,train
0000264,test
0000265,train
0000266,test
0000267,train
0000268,test
0000269,train
0000270,validation
0000271,validation
0000272,train
0000273,train
0000274,validation
0000275,test
0000276,validation
0000277,train
0000278,train
0000279,train
0000280,train
0000281,train
0000282,validation
0000283,train
0000284,validation
0000285,train
0000286,train
0000287,test
0000288,validation
0000289,train
0000290,train
0000291,test
0000292,test
0000293,test
0000294,test
0000295,train
0000296,test
0000297,train
0000298,train
0000299,validation
0000300,train
0000301,train
0000302,train
0000303,train
0000304,test
0000305,test
0000306,train
0000307,validation
0000308,train
0000309,validation
0000310,train
0000311,train
0000312,test
0000313,train
0000314,validation
0000315,train
0000316,test
0000317,test
0000318,train
0000319,test
0000320,train
0000321,train
0000322,test
0000323,train
0000324,test
0000325,validation
0000326,train
0000327,train
0000328,train
0000329,train
0000330,train
0000331,test
0000332,validation
0000333,train
0000334,test
0000335,validation
0000336,test
0000337,train
0000338,validation
0000339,train
0000340,train
0000341,train
0000342,train
0000343,train
0000344,train
0000345,train
0000346,train
0000347,test
0000348,test
0000349,train
0000350,test
0000351,train
0000352,train
0000353,train
0000354,test
0000355,train
0000356,train
0000357,train
0000358,train
0000359,train
0000360,train
0000361,test
0000362,train
0000363,train
0000364,train
0000365,train
0000366,train
0000367,validation
0000368,test
0000369,train
0000370,train
0000371,train
0000372,train
0000373,train
0000374,test
0000375,train
0000376,train
0000377,test
0000378,train
0000379,validation
0000380,test
0000381,train
0000382,test
0000383,train
0000384,train
0000385,train
0000386,train
0000387,train
0000388,train
0000389,test
0000390,validation
0000391,train
0000392,train
0000393,train
0000394,test
0000395,train
0000396,train
0000397,train
0000398,validation
0000399,test
0000400,test
0000401,train
0000402,train
0000403,validation
0000404,validation
0000405,train
0000406,validation
0000407,train
0000408,train
0000409,test
0000410,train
0000411,test
0000412,train
0000413,validation
0000414,train
0000415,validation
0000416,train
0000417,test
0000418,train
0000419,train
0000420,validation
0000421,validation
0000422,validation
0000423,train
0000424,train
0000425,test
0000426,train
0000427,test
0000428,test
0000429,train
0000430,train
0000431,train
0000432,test
0000433,train
0000434,train
0000435,train
0000436,train
0000437,train
0000438,train
0000439,train
0000440,test
0000441,test
0000442,train
0000443,validation
0000444,train
0000445,validation
0000446,train
0000447,validation
0000448,test
0000449,validation
0000450,train
0000451,test
0000452,train
0000453,train
0000454,train
0000455,train
0000456,validation
0000457,test
0000458,test
0000459,train
0000460,train
0000461,train
0000462,test
0000463,test
0000464,train
0000465,train
0000466,test
0000467,train
0000468,test
0000469,validation
0000470,test
0000471,train
0000472,train
0000473,train
0000474,train
0000475,test
0000476,train
0000477,train
0000478,train
0000479,train
0000480,train
0000481,test
0000482,train
0000483,train
0000484,test
0000485,validation
0000486,train
0000487,validation
0000488,test
0000489,train
0000490,train
0000491,train
0000492,train
0000493,train
0000494,train
0000495,train
0000496,train
0000497,test
0000498,train
0000499,train
0000500,test
0000501,test
0000502,train
0000503,validation
0000504,train
0000505,train
0000506,train
0000507,validation
0000508,train
0000509,train
0000510,test
0000511,test
0000512,train
0000513,validation
0000514,test
0000515,validation
0000516,train
0000517,train
0000518,train
0000519,test
0000520,train
0000521,train
0000522,validation
0000523,train
0000524,train
0000525,train
0000526,train
0000527,train
0000528,validation
0000529,validation
0000530,train
0000531,train
0000532,train
0000533,test
0000534,test
0000535,train
0000536,train
0000537,train
0000538,train
0000539,train
0000540,train
0000541,validation
0000542,train
0000543,test
0000544,test
0000545,train
0000546,train
0000547,validation
0000548,train
0000549,train
0000550,test
0000551,train
0000552,train
0000553,train
0000554,validation
0000555,test
0000556,train
0000557,validation
0000558,train
0000559,train
0000560,train
0000561,train
0000562,train
0000563,test
0000564,test
0000565,train
0000566,test
0000567,train
0000568,test
0000569,test
0000570,validation
0000571,train
0000572,validation
0000573,train
0000574,train
0000575,train
0000576,train
0000577,test
0000578,test
0000579,train
0000580,validation
0000581,train
0000582,train
0000583,test
0000584,train
0000585,validation
0000586,train
0000587,test
0000588,train
0000589,train
0000590,validation
0000591,test
0000592,train
0000593,test
0000594,train
0000595,test
0000596,train
0000597,validation
0000598,train
0000599,train
0000600,validation
0000601,validation
0000602,train
0000603,train
0000604,test
0000605,validation
0000606,test
0000607,validation
0000608,train
0000609,test
0000610,train
0000611,validation
0000612,train
0000613,train
0000614,train
0000615,train
0000616,train
0000617,train
0000618,validation
0000619,train
0000620,train
0000621,test
0000622,test
0000623,validation
0000624,test
0000625,test
0000626,test
0000627,validation
0000628,train
0000629,train
0000630,train
0000631,validation
0000632,train
0000633,train
0000634,train
0000635,train
0000636,validation
0000637,train
0000638,test
0000639,train
0000640,train
0000641,validation
0000642,train
0000643,train
0000644,validation
0000645,train
0000646,train
0000647,train
0000648,test
0000649,train
0000650,train
0000651,validation
0000652,test
0000653,train
0000654,validation
0000655,train
0000656,test
0000657,train
0000658,train
0000659,train
0000660,train
0000661,train
0000662,validation
0000663,train
0000664,train
0000665,train
0000666,train
0000667,train
0000668,train
0000669,test
0000670,train
0000671,train
0000672,train
0000673,train
0000674,test
0000675,train
0000676,validation
0000677,test
0000678,train
0000679,train
0000680,validation
0000681,validation
0000682,validation
0000683,train
0000684,test
0000685,train
0000686,validation
0000687,train
0000688,validation
0000689,train
0000690,train
0000691,validation
0000692,validation
0000693,train
0000694,train
0000695,train
0000696,train
0000697,train
0000698,train
0000699,train
0000700,train
0000701,test
0000702,train
0000703,validation
0000704,train
0000705,test
0000706,test
0000707,train
0000708,train
0000709,test
0000710,train
0000711,test
0000712,test
0000713,test
0000714,test
0000715,test
0000716,test
0000717,train
0000718,train
0000719,test
0000720,validation
0000721,train
0000722,train
0000723,train
0000724,train
0000725,train
0000726,train
0000727,train
0000728,train
0000729,train
0000730,train
0000731,test
0000732,train
0000733,validation
0000734,test
0000735,train
0000736,test
0000737,test
0000738,train
0000739,test
0000740,validation
0000741,train
0000742,train
0000743,test
0000744,test
0000745,train
0000746,train
0000747,train
0000748,test
0000749,train
0000750,train
0000751,test
0000752,train
0000753,validation
0000754,validation
0000755,train
0000756,train
0000757,test
0000758,train
0000759,test
0000760,train
0000761,train
0000762,test
0000763,validation
0000764,test
0000765,test
0000766,test
0000767,train
0000768,train
0000769,train
0000770,train
0000771,train
0000772,train
0000773,train
0000774,train
0000775,test
0000776,validation
0000777,train
0000778,train
0000779,validation
0000780,train
0000781,train
0000782,train
0000783,test
0000784,train
0000785,train
0000786,train
0000787,validation
0000788,train
0000789,test
0000790,test
0000791,train
0000792,train
0000793,train
0000794,train
0000795,test
0000796,test
0000797,train
0000798,validation
0000799,train
0000800,test
0000801,train
0000802,test
0000803,train
0000804,train
0000805,validation
0000806,validation
0000807,validation
0000808,train
0000809,train
0000810,test
0000811,train
0000812,train
0000813,train
0000814,train
0000815,train
0000816,train
0000817,train
0000818,train
0000819,train
0000820,train
0000821,train
0000822,train
0000823,train
0000824,validation
0000825,validation
0000826,train
0000827,train
0000828,train
0000829,train
0000830,validation
0000831,train
0000832,train
0000833,train
0000834,train
0000835,train
0000836,train
0000837,test
0000838,test
0000839,train
0000840,train
0000841,train
0000842,train
0000843,train
0000844,train
0000845,train
0000846,train
0000847,train
0000848,train
0000849,train
0000850,validation
0000851,test
0000852,train
0000853,test
0000854,train
0000855,train
0000856,train
0000857,test
0000858,train
0000859,train
0000860,train
0000861,train
0000862,train
0000863,train
0000864,validation
0000865,train
0000866,train
0000867,test
0000868,train
0000869,train
0000870,train
0000871,validation
0000872,validation
0000873,test
0000874,train
0000875,train
0000876,train
0000877,train
0000878,train
0000879,train
0000880,train
0000881,train
0000882,train
0000883,validation
0000884,test
0000885,validation
0000886,train
0000887,validation
0000888,train
0000889,train
0000890,train
0000891,validation
0000892,train
0000893,train
0000894,train
0000895,train
0000896,train
0000897,validation
0000898,train
0000899,train
0000900,train
0000901,test
0000902,validation
0000903,validation
0000904,validation
0000905,train
0000906,train
0000907,test
0000908,train
0000909,test
0000910,train
0000911,train
0000912,train
0000913,train
0000914,train
0000915,test
0000916,train
0000917,test
0000918,train
0000919,train
0000920,train
0000921,train
0000922,test
0000923,train
0000924,train
0000925,train
0000926,train
0000927,validation
0000928,test
0000929,train
0000930,train
0000931,validation
0000932,train
0000933,test
0000934,train
0000935,validation
0000936,validation
0000937,train
0000938,test
0000939,train
0000940,train
0000941,train
0000942,validation
0000943,validation
0000944,validation
0000945,train
0000946,train
0000947,train
0000948,validation
0000949,train
0000950,train
0000951,validation
0000952,validation
0000953,test
0000954,train
0000955,train
0000956,train
0000957,validation
0000959,train
0000960,test
0000961,validation
0000963,test
0000964,validation
0000965,train
0000966,validation
0000967,train
0000968,test
0000969,validation
0000970,test
0000971,validation
0000972,train
0000973,test
0000974,test
0000975,validation
0000976,train
0000977,train
0000978,train
0000979,train
0000980,train
0000981,train
0000982,validation
0000983,train
0000984,train
0000985,train
0000986,train
0000987,train
0000988,train
0000989,train
0000990,train
0000991,train
0000992,train
0000993,train
0000994,train
0000995,validation
0000996,test
0000997,train
0000998,train
0000999,validation
0001000,train
0001001,train
0001002,train
0001003,train
0001004,validation
0001005,test
0001006,train
0001007,train
0001008,train
0001009,train
0001010,train
0001011,validation
0001012,train
0001013,test
0001014,train
0001015,train
0001016,train
0001017,validation
0001018,train
0001019,train
0001020,train
0001021,test
0001022,train
0001023,test
0001024,train
0001025,test
0001026,validation
0001027,train
0001028,train
0001029,test
0001030,train
0001031,validation
0001032,train
0001033,train
0001034,train
0001035,train
0001036,train
0001037,test
0001038,train
0001039,train
0001040,train
0001041,train
0001042,test
0001043,train
0001044,train
0001045,train
0001046,validation
0001047,train
0001048,train
0001049,test
0001050,train
0001051,train
0001052,train
0001053,train
0001054,validation
0001055,train
0001056,train
0001057,train
0001058,train
0001059,test
0001060,train
0001061,train
0001062,train
0001063,train
0001064,train
0001065,train
0001066,train
0001067,validation
0001068,train
0001069,train
0001070,train
0001071,test
0001072,train
0001073,validation
0001074,test
0001075,train
0001076,train
0001077,train
0001078,validation
0001079,test
0001080,train
0001081,test
0001082,validation
0001083,train
0001084,train
0001085,test
0001086,train
0001087,test
0001088,validation
0001089,train
0001090,test
0001091,train
0001092,validation
0001093,test
0001094,validation
0001095,train
0001096,validation
0001097,train
0001098,train
0001099,train
0001100,test
0001101,train
0001102,train
0001103,train
0001104,train
0001105,train
0001106,test
0001107,validation
0001108,train
0001109,validation
0001110,test
0001111,train
0001112,validation
0001113,train
0001114,test
0001115,test
0001116,test
0001117,train
0001118,train
0001119,train
0001120,train
0001121,test
0001122,train
0001123,train
0001124,test
0001125,train
0001126,test
0001127,train
0001128,train
0001129,train
0001130,train
0001131,train
0001132,train
0001133,train
0001134,train
0001135,train
0001136,train
0001137,train
0001138,train
0001139,train
0001140,train
0001141,train
0001142,train
0001143,train
0001144,train
0001145,test
0001146,validation
0001147,train
0001148,test
0001149,train
0001150,test
0001151,train
0001152,test
0001153,train
0001154,train
0001155,train
0001156,train
0001157,train
0001158,test
0001159,test
0001160,train
0001161,train
0001162,train
0001163,test
0001164,train
0001165,validation
0001166,train
0001167,train
0001168,train
0001169,train
0001170,train
0001171,validation
0001172,train
0001173,train
0001174,train
0001175,train
0001176,validation
0001177,train
0001178,test
0001179,train
0001180,train
0001181,train
0001182,train
0001183,test
0001184,train
0001185,train
0001186,test
0001187,validation
0001188,train
0001189,train
0001190,train
0001191,test
0001192,train
0001193,test
0001194,train
0001195,train
0001196,train
0001197,test
0001198,test
0001199,train
0001200,train
0001201,train
0001202,test
0001203,train
0001204,train
0001205,train
0001206,train
0001207,train
0001208,train
0001209,validation
0001210,train
0001211,test
0001212,train
0001213,test
0001214,validation
0001215,train
0001216,train
0001217,train
0001218,train
0001219,validation
0001220,test
0001221,train
0001222,train
0001223,train
0001224,train
0001225,test
0001226,validation
0001227,test
0001228,train
0001229,train
0001230,train
0001231,train
0001232,train
0001233,train
0001234,train
0001235,train
0001236,train
0001237,train
0001238,train
0001239,validation
0001240,train
0001241,train
0001242,train
0001243,train
0001244,train
0001245,test
0001246,train
0001247,train
0001248,test
0001249,train
0001250,test
0001251,train
0001252,train
0001253,test
0001254,train
0001255,validation
0001256,test
0001257,test
0001258,train
0001259,validation
0001260,validation
0001261,train
0001262,test
0001263,train
0001264,test
0001265,train
0001266,train
0001267,validation
0001268,train
0001269,train
0001270,validation
0001271,train
0001272,train
0001273,train
0001274,validation
0001275,validation
0001276,train
0001277,train
0001278,train
0001279,train
0001280,test
0001281,train
0001282,train
0001283,validation
0001284,validation
0001285,train
0001286,train
0001287,test
0001288,test
0001289,train
0001290,validation
0001291,train
0001292,validation
0001293,validation
0001294,train
0001295,validation
0001296,train
0001297,train
0001298,train
0001299,train
0001300,test
0001301,train
0001302,train
0001303,validation
0001304,train
0001305,train
0001306,train
0001307,train
0001308,validation
0001309,train
0001310,validation
0001311,validation
0001312,train
0001313,test
0001314,validation
0001315,train
0001316,validation
0001317,validation
0001318,test
0001319,train
0001320,train
0001321,test
0001322,train
0001323,train
0001324,train
0001325,validation
0001326,train
0001327,validation
0001328,validation
0001329,validation
0001330,train
0001331,train
0001332,train
0001333,test
0001334,validation
0001335,train
0001336,train
0001337,train
0001338,train
0001339,train
0001340,train
0001341,train
0001342,test
0001343,train
0001344,train
0001345,train
0001346,train
0001347,train
0001348,validation
0001349,validation
0001350,test
0001351,validation
0001352,test
0001353,test
0001354,test
0001355,train
0001356,validation
0001357,train
0001358,test
0001359,train
0001360,train
0001361,train
0001362,train
0001363,test
0001364,validation
0001365,train
0001366,train
0001367,validation
0001368,train
0001369,train
0001370,validation
0001371,test
0001372,test
0001373,train
0001374,train
0001375,test
0001376,test
0001377,train
0001378,train
0001379,train
0001380,train
0001381,train
0001382,train
0001383,train
0001384,train
0001385,train
0001386,test
0001387,train
0001388,validation
0001389,train
0001390,train
0001391,train
0001392,train
0001393,validation
0001394,train
0001395,train
0001396,test
0001397,train
0001398,train
0001399,train
0001400,train
0001401,validation
0001402,train
0001403,train
0001404,train
0001405,test
0001406,train
0001407,train
0001408,train
0001409,test
0001410,train
0001411,test
0001412,validation
0001413,train
0001414,train
0001415,train
0001416,test
0001417,validation
0001418,validation
0001419,train
0001420,train
0001421,test
0001422,train
0001423,train
0001424,train
0001425,train
0001426,train
0001427,train
0001428,train
0001429,train
0001430,train
0001431,train
0001432,train
0001433,validation
0001434,train
0001435,test
0001436,test
0001437,test
0001438,validation
0001439,train
0001440,train
0001441,validation
0001442,train
0001443,train
0001444,test
0001445,train
0001446,train
0001447,train
0001448,train
0001449,test
0001450,train
0001451,train
0001452,train
0001453,validation
0001454,train
0001455,train
0001456,test
0001457,test
0001458,train
0001459,train
0001460,train
0001461,test
0001462,validation
0001463,train
0001464,train
0001465,train
0001466,train
0001467,validation
0001468,train
0001469,train
0001470,train
0001471,validation
0001472,train
0001473,test
0001474,train
0001475,test
0001476,train
0001477,validation
0001478,train
0001479,train
0001480,train
0001481,validation
0001482,test
0001483,train
0001484,train
0001485,test
0001486,validation
0001487,train
0001488,train
0001489,test
0001490,train
0001491,test
0001492,train
0001493,validation
0001494,train
0001495,train
0001496,train
0001497,test
0001498,train
0001499,test
0001500,validation
0001501,test
0001502,train
0001503,validation
0001504,test
0001505,train
0001506,validation
0001507,train
0001508,validation
0001509,train
0001510,validation
0001511,test
0001512,test
0001513,train
0001514,test
0001515,test
0001516,validation
0001517,train
0001518,train
0001519,test
0001520,train
0001521,train
0001522,train
0001523,train
0001524,validation
0001525,train
0001526,test
0001527,train
0001528,train
0001529,train
0001530,train
0001531,train
0001532,train
0001533,test
0001534,train
0001535,validation
0001536,train
0001537,validation
0001538,train
0001539,test
0001540,train
0001541,train
0001542,train
0001543,validation
0001544,train
0001545,train
0001546,test
0001547,train
0001548,train
0001549,train
0001550,train
0001551,validation
0001552,train
0001553,train
0001554,train
0001555,train
0001556,train
0001557,train
0001558,train
0001559,train
0001560,validation
0001561,test
0001562,train
0001563,validation
0001564,train
0001565,test
0001566,train
0001567,train
0001568,train
0001569,test
0001570,train
0001571,test
0001572,test
0001573,train
0001574,train
0001575,train
0001576,train
0001577,train
0001578,test
0001579,test
0001580,train
0001581,test
0001582,train
0001583,train
0001584,train
0001585,validation
0001586,train
0001587,validation
0001588,train
0001589,validation
0001590,train
0001591,train
0001592,train
0001593,train
0001594,train
0001595,train
0001596,test
0001597,train
0001598,test
0001599,train
0001600,test
0001601,train
0001602,test
0001603,train
0001604,train
0001605,train
0001606,train
0001607,validation
0001608,train
0001609,test
0001610,train
0001611,test
0001612,train
0001613,validation
0001614,validation
0001615,train
0001616,train
0001617,train
0001618,train
0001619,test
0001620,test
0001621,validation
0001622,train
0001623,train
0001624,train
0001625,train
0001626,test
0001627,train
0001628,train
0001629,test
0001630,train
0001631,validation
0001632,train
0001633,validation
0001634,test
0001635,validation
0001636,train
0001637,test
0001638,train
0001639,train
0001640,validation
0001641,train
0001642,train
0001643,train
0001644,train
0001645,train
0001646,train
0001647,train
0001648,train
0001649,train
0001650,train
0001651,validation
0001652,train
0001653,test
0001654,validation
0001655,train
0001656,validation
0001657,train
0001658,test
0001659,train
0001660,validation
0001661,test
0001662,train
0001663,test
0001664,validation
0001665,test
0001666,validation
0001667,train
0001668,train
0001669,train
0001670,train
0001671,validation
0001672,test
0001673,test
0001674,test
0001675,train
0001676,validation
0001677,train
0001678,train
0001679,train
0001680,train
0001681,train
0001682,train
0001683,train
0001684,train
0001685,validation
0001686,test
0001687,test
0001688,train
0001689,train
0001690,train
0001691,test
0001692,train
0001693,train
0001694,test
0001695,test
0001696,validation
0001697,validation
0001698,train
0001700,train
0001701,validation
0001702,train
0001703,train
0001704,train
0001705,train
0001706,test
0001707,test
0001708,train
0001709,train
0001710,train
0001711,train
0001712,train
0001713,train
0001714,test
0001715,train
0001716,train
0001717,test
0001718,train
0001719,train
0001720,train
0001721,train
0001722,test
0001723,train
0001724,train
0001725,train
0001726,train
0001727,train
0001728,train
0001729,validation
0001730,validation
0001731,validation
0001732,train
0001733,train
0001734,test
0001735,test
0001736,test
0001737,train
0001738,train
0001739,train
0001740,train
0001741,train
0001742,train
0001743,validation
0001744,test
0001745,test
0001746,train
0001747,validation
0001748,test
0001749,train
0001750,test
0001751,test
0001752,train
0001753,train
0001754,train
0001755,train
0001756,train
0001757,train
0001758,validation
0001759,train
0001760,train
0001761,train
0001762,test
0001763,train
0001764,test
0001765,train
0001766,train
0001767,validation
0001768,train
0001769,validation
0001770,test
0001771,train
0001772,test
0001773,train
0001774,validation
0001775,train
0001776,validation
0001777,train
0001778,train
0001779,test
0001780,train
0001781,train
0001782,train
0001783,train
0001784,test
0001785,validation
0001786,train
0001787,test
0001788,train
0001789,test
0001790,test
0001791,validation
0001792,train
0001793,train
0001794,validation
0001795,test
0001796,validation
0001797,test
0001798,test
0001799,test
0001800,train
0001801,train
0001802,train
0001803,train
0001804,validation
0001805,validation
0001806,train
0001807,test
0001808,validation
0001809,test
0001810,validation
0001811,test
0001812,train
0001813,train
0001814,train
0001815,validation
0001816,train
0001817,train
0001818,validation
0001819,validation
0001820,train
0001821,train
0001822,train
0001823,train
0001824,train
0001825,train
0001826,train
0001827,validation
0001828,train
0001829,test
0001830,train
0001831,train
0001832,train
0001833,train
0001834,validation
0001835,train
0001836,validation
0001837,test
0001838,train
0001839,test
0001840,train
0001841,train
0001842,train
0001843,train
0001844,train
0001845,train
0001846,train
0001847,train
0001848,train
0001849,validation
0001850,train
0001851,validation
0001852,train
0001853,train
0001854,train
0001855,test
0001856,train
0001857,validation
0001858,train
0001859,train
0001860,train
0001861,train
0001862,train
0001863,train
0001864,validation
0001865,validation
0001866,test
0001867,train
0001868,test
0001869,train
0001870,validation
0001871,train
0001872,train
0001873,train
0001874,test
0001875,validation
0001876,validation
0001877,train
0001878,train
0001879,validation
0001880,train
0001881,test
0001882,train
0001883,train
0001884,test
0001885,train
0001886,train
0001887,test
0001888,train
0001889,test
0001890,test
0001891,train
0001892,train
0001893,train
0001894,validation
0001895,test
0001896,validation
0001897,train
0001898,train
0001899,train
0001900,train
0001901,train
0001902,train
0001903,validation
0001904,train
0001905,test
0001906,validation
0001907,train
0001908,validation
0001909,test
0001910,train
0001911,train
0001912,train
0001913,train
0001914,train
0001915,train
0001916,train
0001917,train
0001918,train
0001919,test
0001920,train
0001921,train
0001922,train
0001923,train
0001924,validation
0001925,test
0001926,train
0001927,test
0001928,train
0001929,train
0001930,train
0001931,train
0001932,validation
0001933,train
0001934,validation
0001935,validation
0001936,train
0001937,train
0001938,train
0001939,train
0001940,train
0001941,train
0001942,validation
0001943,train
0001944,train
0001945,test
0001946,train
0001947,train
0001948,train
0001949,train
0001950,validation
0001951,train
0001952,train
0001953,train
0001954,test
0001955,train
0001956,train
0001957,test
0001958,test
0001959,train
0001960,validation
0001961,test
0001962,validation
0001963,validation
0001964,train
0001965,train
0001966,validation
0001967,test
0001968,test
0001969,test
0001970,train
0001971,train
0001972,train
0001973,validation
0001974,train
0001975,train
0001976,train
0001977,train
0001978,train
0001979,train
0001980,train
0001981,train
0001982,validation
0001983,train
0001984,train
0001985,test
0001986,validation
0001987,test
0001988,test
0001989,train
0001990,train
0001991,train
0001992,train
0001993,train
0001994,train
0001995,train
0001996,validation
0001997,train
0001998,train
0001999,train
0002000,train
0002001,train
0002002,train
0002003,validation
0002004,train
0002005,validation
0002006,train
0002007,validation
0002008,train
0002009,train
0002010,train
0002011,train
0002012,train
0002013,test
0002014,train
0002015,train
0002016,test
0002017,train
0002018,validation
0002019,train
0002020,validation
0002021,train
0002022,test
0002023,train
0002024,test
0002025,train
0002026,train
0002027,train
0002028,train
0002029,test
0002030,train
0002031,validation
0002032,validation
0002033,test
0002034,test
0002035,validation
0002036,train
0002037,train
0002038,train
0002039,train
0002040,test
0002041,validation
0002042,train
0002043,test
0002044,train
0002045,validation
0002046,train
0002047,train
0002048,train
0002049,train
0002050,train
0002051,validation
0002052,train
0002053,train
0002054,train
0002055,train
0002056,train
0002057,train
0002058,train
0002059,test
0002060,train
0002061,train
0002062,train
0002063,validation
0002064,train
0002065,train
0002066,train
0002067,train
0002068,train
0002069,validation
0002070,validation
0002071,test
0002072,train
0002073,test
0002074,train
0002075,train
0002076,train
0002077,train
0002078,validation
0002079,test
0002080,train
0002081,train
0002082,validation
0002083,train
0002084,train
0002085,validation
0002086,train
0002087,train
0002088,validation
0002089,test
0002090,train
0002091,train
0002092,test
0002093,train
0002094,train
0002095,validation
0002096,validation
0002097,validation
0002098,train
0002099,train
0002100,train
0002101,train
0002102,test
0002103,train
0002104,train
0002105,train
0002106,train
0002107,train
0002108,train
0002109,train
0002110,train
0002111,test
0002112,test
0002113,test
0002114,train
0002115,train
0002116,train
0002117,train
0002118,train
0002119,train
0002120,validation
0002121,train
0002122,train
0002123,test
0002124,train
0002125,train
0002126,test
0002127,train
0002128,test
0002129,train
0002130,train
0002131,test
0002132,test
0002133,validation
0002134,train
0002135,validation
0002136,train
0002137,validation
0002138,train
0002139,train
0002140,train
0002141,train
0002142,test
0002143,train
0002144,train
0002145,train
0002146,train
0002147,train
0002148,train
0002149,test
0002150,train
0002151,train
0002152,train
0002153,train
0002154,test
0002155,validation
0002156,test
0002157,train
0002158,validation
0002159,validation
0002160,train
0002161,test
0002162,train
0002163,train
0002164,train
0002165,train
0002166,train
0002167,validation
0002168,validation
0002169,train
0002170,validation
0002171,test
0002172,test
0002173,validation
0002174,train
0002175,train
0002176,train
0002177,train
0002178,validation
0002179,train
0002180,validation
0002181,validation
0002182,validation
0002183,train
0002184,train
0002185,validation
0002186,train
0002187,test
0002188,test
0002189,validation
0002190,validation
0002191,train
0002192,train
0002193,test
0002194,train
0002195,test
0002196,train
0002197,train
0002198,train
0002199,train
0002200,train
0002201,train
0002202,train
0002203,test
0002204,validation
0002205,train
0002206,train
0002207,train
0002208,train
0002209,train
0002210,train
0002211,validation
0002212,train
0002213,train
0002214,test
0002215,validation
0002216,train
0002217,train
0002218,train
0002219,test
0002220,test
0002221,train
0002222,train
0002223,train
0002224,validation
0002225,test
0002226,train
0002227,train
0002228,train
0002229,train
0002230,train
0002231,test
0002232,train
0002233,train
0002234,validation
0002235,train
0002236,test
0002237,train
0002238,train
0002239,train
0002240,test
0002241,train
0002242,train
0002243,test
0002244,validation
0002245,train
0002246,train
0002247,train
0002248,validation
0002249,test
0002250,train
0002251,train
0002252,train
0002253,test
0002254,train
0002255,train
0002256,test
0002257,train
0002258,train
0002259,train
0002260,validation
0002261,train
0002262,train
0002263,train
0002264,test
0002265,validation
0002266,train
0002267,train
0002268,train
0002269,validation
0002270,train
0002271,train
0002272,train
0002273,train
0002274,test
0002275,test
0002276,train
0002277,validation
0002278,train
0002279,train
0002280,validation
0002281,train
0002282,train
0002283,train
0002284,train
0002285,train
0002286,train
0002287,train
0002288,train
0002289,train
0002290,test
0002291,train
0002292,test
0002293,train
0002294,validation
0002295,test
0002296,train
0002297,train
0002298,validation
0002299,train
0002300,train
0002301,train
0002302,validation
0002303,validation
0002304,train
0002305,test
0002306,train
0002307,train
0002308,test
0002309,validation
0002310,train
0002311,train
0002312,train
0002313,train
0002314,test
0002315,train
0002316,validation
0002317,train
0002318,train
0002319,train
0002320,train
0002321,test
0002322,train
0002323,test
0002324,test
0002325,train
0002326,train
0002327,validation
0002328,train
0002329,test
0002330,train
0002331,train
0002332,test
0002333,validation
0002334,train
0002335,validation
0002336,train
0002337,train
0002338,validation
0002339,test
0002340,train
0002341,test
0002342,train
0002343,validation
0002344,test
0002345,train
0002346,train
0002347,train
0002348,test
0002349,train
0002350,train
0002351,train
0002352,test
0002353,train
0002354,train
0002355,train
0002356,validation
0002357,train
0002358,train
0002359,train
0002360,train
0002361,test
0002362,train
0002363,train
0002364,test
0002365,train
0002366,validation
0002367,train
0002368,train
0002369,train
0002370,train
0002371,train
0002372,validation
0002373,train
0002374,train
0002375,validation
0002376,train
0002377,train
0002378,train
0002379,test
0002380,train
0002381,test
0002382,train
0002383,train
0002384,train
0002385,validation
0002386,train
0002387,train
0002388,train
0002389,train
0002390,train
0002391,train
0002392,test
0002393,test
0002394,train
0002395,test
0002396,test
0002397,train
0002398,train
0002399,validation
0002400,train
0002401,train
0002402,validation
0002403,validation
0002404,train
0002405,train
0002406,train
0002407,train
0002408,train
0002409,test
0002410,test
0002411,test
0002412,train
0002413,validation
0002414,train
0002415,validation
0002416,test
0002417,train
0002418,train
0002419,train
0002420,train
0002421,test
0002422,train
0002423,validation
0002424,train
0002425,train
0002426,train
0002427,train
0002428,train
0002429,train
0002430,validation
0002431,train
0002432,train
0002433,train
0002434,validation
0002435,train
0002436,train
0002437,train
0002438,train
0002439,train
0002440,train
0002441,train
0002442,train
0002443,validation
0002444,train
0002445,train
0002446,validation
0002447,train
0002448,train
0002449,train
0002450,train
0002451,test
0002452,validation
0002453,train
0002454,train
0002455,validation
0002456,test
0002457,test
0002458,train
0002459,test
0002460,train
0002461,test
0002462,test
0002463,train
0002464,train
0002465,train
0002466,validation
0002467,train
0002468,test
0002469,test
0002470,train
0002471,train
0002472,train
0002473,train
0002474,test
0002475,train
0002476,validation
0002477,test
0002478,test
0002479,train
0002480,train
0002481,validation
0002482,test
0002483,train
0002484,train
0002485,train
0002486,train
0002487,test
0002488,train
0002489,test
0002490,train
0002491,test
0002492,train
0002493,train
0002494,train
0002495,train
0002496,test
0002497,validation
0002498,train
0002499,test
0002500,train
0002501,validation
0002502,test
0002503,train
0002504,train
0002505,train
0002506,train
0002507,train
0002508,train
0002509,validation
0002510,train
0002511,test
0002512,train
0002513,train
0002514,validation
0002515,train
0002516,validation
0002517,test
0002518,test
0002519,test
0002520,test
0002521,test
0002522,train
0002523,test
0002524,train
0002525,train
0002526,test
0002527,test
0002528,train
0002529,train
0002530,train
0002531,train
0002532,train
0002533,train
0002534,validation
0002535,test
0002536,train
0002537,train
0002538,test
0002539,train
0002540,validation
0002541,train
0002542,train
0002543,train
0002544,train
0002545,train
0002546,train
0002547,validation
0002548,test
0002550,train
0002551,train
0002552,train
0002553,train
0002554,train
0002555,train
0002556,validation
0002557,train
0002558,train
0002559,train
0002560,train
0002561,train
0002562,train
0002563,train
0002564,train
0002565,train
0002566,train
0002567,train
0002568,train
0002569,test
0002570,train
0002571,train
0002572,train
0002573,train
0002574,train
0002575,train
0002576,train
0002577,train
0002578,train
0002579,test
0002580,train
0002581,train
0002582,train
0002583,validation
0002584,train
0002585,train
0002586,train
0002587,test
0002588,train
0002589,train
0002590,validation
0002591,test
0002592,train
0002593,test
0002594,train
0002595,train
0002596,train
0002597,train
0002598,train
0002599,train
0002600,test
0002601,train
0002602,train
0002603,train
0002604,train
0002605,train
0002606,train
0002607,test
0002608,train
0002609,train
0002610,validation
0002611,train
0002612,train
0002613,train
0002614,test
0002615,validation
0002616,test
0002617,validation
0002618,test
0002619,test
0002620,test
0002621,train
0002622,train
0002623,train
0002624,test
0002625,test
0002626,train
0002627,train
0002628,validation
0002629,train
0002630,test
0002631,test
0002632,test
0002633,train
0002634,test
0002635,train
0002636,validation
0002637,train
0002638,train
0002639,train
0002640,train
0002641,train
0002642,train
0002643,test
0002644,train
0002645,train
0002646,train
0002647,train
0002648,train
0002649,validation
0002650,validation
0002651,train
0002652,train
0002653,test
0002654,validation
0002655,validation
0002656,train
0002657,train
0002658,train
0002659,train
0002660,train
0002661,train
0002662,train
0002663,train
0002664,validation
0002665,train
0002666,train
0002667,validation
0002668,train
0002669,test
0002670,train
0002671,train
0002672,validation
0002673,validation
0002674,validation
0002675,train
0002676,train
0002677,train
0002678,test
0002679,train
0002680,validation
0002681,train
0002682,train
0002683,test
0002684,train
0002685,test
0002686,validation
0002687,train
0002688,train
0002689,test
0002690,train
0002691,train
0002692,train
0002693,train
0002694,validation
0002695,train
0002696,train
0002697,test
0002698,train
0002699,train
0002700,train
0002701,train
0002702,train
0002703,validation
0002704,train
0002705,train
0002706,test
0002707,train
0002708,train
0002709,train
0002710,train
0002711,validation
0002712,train
0002713,validation
0002714,train
0002715,train
0002716,train
0002717,train
0002718,train
0002719,train
0002720,train
0002721,train
0002722,train
0002723,train
0002724,train
0002725,train
0002726,train
0002727,train
0002728,validation
0002729,test
0002730,train
0002731,validation
0002732,validation
0002733,train
0002734,train
0002735,train
0002736,train
0002737,test
0002738,train
0002739,train
0002740,train
0002741,train
0002742,test
0002743,train
0002744,train
0002745,train
0002746,train
0002747,test
0002748,train
0002749,train
0002750,validation
0002751,train
0002752,validation
0002753,test
0002754,train
0002755,train
0002756,train
0002757,train
0002758,test
0002759,test
0002760,train
0002761,train
0002762,validation
0002763,train
0002764,train
0002765,train
0002766,train
0002767,test
0002768,train
0002769,train
0002770,validation
0002771,test
0002772,train
0002773,train
0002774,test
0002775,train
0002776,test
0002777,train
0002778,train
0002779,validation
0002780,train
0002781,validation
0002782,train
0002783,train
0002784,validation
0002785,validation
0002786,train
0002787,train
0002788,train
0002789,train
0002790,train
0002791,validation
0002792,train
0002793,train
0002794,train
0002795,train
0002796,test
0002797,train
0002798,train
0002799,train
0002800,train
0002801,train
0002802,train
0002803,train
0002804,validation
0002805,validation
0002806,train
0002807,train
0002808,validation
0002809,train
0002810,validation
0002811,validation
0002812,test
0002813,train
0002814,train
0002815,train
0002816,train
0002817,train
0002818,test
0002819,train
0002820,test
0002821,test
0002822,train
0002823,test
0002824,train
0002825,train
0002826,train
0002827,validation
0002828,train
0002829,train
0002830,train
0002831,test
0002832,train
0002833,train
0002834,train
0002835,train
0002836,train
0002837,validation
0002838,validation
0002839,train
0002840,validation
0002841,test
0002842,validation
0002843,train
0002844,train
0002845,test
0002846,train
0002847,validation
0002848,train
0002849,train
0002850,train
0002851,test
0002852,test
0002853,train
0002854,train
0002855,train
0002856,validation
0002857,validation
0002858,train
0002859,train
0002860,validation
0002861,train
0002862,train
0002863,train
0002864,test
0002865,train
0002866,train
0002867,test
0002868,train
0002869,train
0002870,train
0002871,train
0002872,validation
0002873,train
0002874,validation
0002875,test
0002876,validation
0002877,train
0002878,train
0002879,test
0002880,train
0002881,train
0002882,train
0002883,train
0002884,train
0002885,validation
0002886,train
0002887,test
0002888,train
0002889,train
0002890,validation
0002891,train
0002892,train
0002893,validation
0002894,test
0002895,train
0002896,validation
0002897,train
0002898,train
0002899,train
0002900,train
0002901,train
0002902,train
0002903,train
0002904,test
0002905,test
0002906,train
0002907,train
0002908,test
0002909,train
0002910,train
0002911,train
0002912,test
0002913,test
0002914,train
0002915,train
0002916,train
0002917,validation
0002918,test
0002919,train
0002920,train
0002921,train
0002922,train
0002923,train
0002924,test
0002925,train
0002926,validation
0002927,train
0002928,train
0002929,train
0002930,train
0002931,train
0002932,train
0002933,train
0002934,train
0002935,train
0002936,validation
0002937,test
0002938,train
0002939,train
0002940,train
0002941,validation
0002942,train
0002943,train
0002944,train
0002945,train
0002946,train
0002947,train
0002948,train
0002949,train
0002950,train
0002951,train
0002952,train
0002953,test
0002954,train
0002955,train
0002956,train
0002957,validation
0002958,train
0002959,validation
0002960,train
0002961,test
0002962,test
0002963,train
0002964,train
0002965,test
0002966,train
0002967,train
0002968,train
0002969,train
0002970,train
0002971,train
0002972,train
0002973,train
0002974,train
0002975,test
0002976,validation
0002977,validation
0002978,train
0002979,test
0002980,validation
0002981,train
0002982,train
0002983,train
0002984,train
0002985,train
0002986,train
0002987,train
0002988,validation
0002989,test
0002990,train
0002991,train
0002992,train
0002993,train
0002994,validation
0002995,validation
0002996,test
0002997,train
0002998,validation
0002999,train
0003000,test
0003001,train
0003002,train
0003003,train
0003004,validation
0003005,train
0003006,train
0003007,test
0003008,test
0003009,train
0003010,train
0003011,train
0003012,train
0003013,train
0003014,validation
0003015,train
0003016,test
0003017,train
0003018,train
0003019,train
0003020,train
0003021,train
0003022,test
0003023,train
0003024,train
0003025,train
0003026,train
0003027,test
0003028,test
0003029,test
0003030,test
0003031,test
0003032,test
0003033,train
0003034,train
0003035,train
0003036,train
0003037,train
0003038,validation
0003039,train
0003040,train
0003041,validation
0003042,test
0003043,test
0003044,train
0003045,validation
0003046,train
0003047,train
0003048,test
0003049,train
0003050,test
0003051,train
0003052,test
0003053,validation
0003054,train
0003055,test
0003056,train
0003057,train
0003058,train
0003059,train
0003060,test
0003061,train
0003062,train
0003063,test
0003064,train
0003065,train
0003066,train
0003067,train
0003068,test
0003069,validation
0003070,test
0003071,train
0003072,train
0003073,train
0003074,train
0003075,test
0003076,train
0003077,validation
0003078,validation
0003079,train
0003080,train
0003081,train
0003082,test
0003083,train
0003084,train
0003085,test
0003086,train
0003087,test
0003088,train
0003089,validation
0003090,train
0003091,train
0003092,validation
0003093,train
0003094,validation
0003095,train
0003096,train
0003097,train
0003098,train
0003099,test
0003100,test
0003101,validation
0003102,train
0003103,validation
0003104,train
0003105,test
0003106,test
0003107,train
0003108,train
0003109,train
0003110,train
0003111,train
0003112,test
0003113,train
0003114,train
0003115,test
0003116,train
0003117,validation
0003118,train
0003119,train
0003120,train
0003121,train
0003122,train
0003123,test
0003124,train
0003125,train
0003126,train
0003127,train
0003128,test
0003129,train
0003130,test
0003131,test
0003132,test
0003133,train
0003134,train
0003135,test
0003136,test
0003137,train
0003138,test
0003139,train
0003140,train
0003141,train
0003142,train
0003143,train
0003144,train
0003145,train
0003146,train
0003147,validation
0003148,test
0003149,train
0003150,test
0003151,train
0003152,train
0003153,train
0003154,validation
0003155,validation
0003156,train
0003157,train
0003158,train
0003159,train
0003160,train
0003161,train
0003162,train
0003163,train
0003164,train
0003165,train
0003166,validation
0003167,train
0003168,train
0003169,train
0003170,train
0003171,test
0003172,train
0003173,train
0003174,test
0003175,train
0003176,train
0003177,validation
0003178,train
0003179,train
0003180,train
0003181,train
0003182,train
0003183,validation
0003184,train
0003185,train
0003186,test
0003187,train
0003188,train
0003189,test
0003190,validation
0003191,train
0003192,train
0003193,train
0003194,train
0003195,train
0003196,train
0003197,train
0003198,train
0003199,test
0003200,train
0003201,train
0003202,train
0003203,train
0003204,train
0003205,train
0003206,train
0003207,validation
0003208,validation
0003209,test
0003210,train
0003211,train
0003212,test
0003213,test
0003214,validation
0003215,test
0003216,train
0003217,train
0003218,train
0003219,train
0003220,train
0003221,validation
0003222,train
0003223,validation
0003224,train
0003225,train
0003226,validation
0003227,validation
0003228,train
0003229,train
0003230,validation
0003231,train
0003232,train
0003233,train
0003234,train
0003235,train
0003236,train
0003237,train
0003238,test
0003239,train
0003240,validation
0003241,train
0003242,train
0003243,train
0003244,validation
0003245,validation
0003246,train
0003247,validation
0003248,train
0003249,test
0003250,train
0003251,train
0003252,validation
0003253,train
0003254,validation
0003255,train
0003256,train
0003257,validation
0003258,train
0003259,test
0003260,train
0003261,train
0003262,train
0003263,train
0003264,train
0003265,train
0003266,train
0003267,validation
0003268,train
0003269,train
0003270,test
0003271,train
0003272,validation
0003273,train
0003274,train
0003275,train
0003276,train
0003277,test
0003278,train
0003279,test
0003280,train
0003281,train
0003282,train
0003283,train
0003284,test
0003285,train
0003286,test
0003287,test
0003288,validation
0003289,test
0003290,train
0003291,test
0003292,test
0003293,test
0003294,train
0003295,train
0003296,train
0003297,train
0003298,validation
0003299,train
0003300,test
0003301,train
0003302,validation
0003303,validation
0003304,test
0003305,train
0003306,train
0003307,validation
0003308,train
0003309,train
0003310,train
0003311,train
0003312,test
0003313,train
0003314,train
0003315,train
0003316,train
0003317,test
0003318,train
0003319,train
0003320,test
0003321,test
0003322,train
0003323,validation
0003324,test
0003325,test
0003326,validation
0003327,train
0003328,train
0003329,train
0003330,train
0003331,validation
0003332,validation
0003333,train
0003334,test
0003335,train
0003336,validation
0003337,train
0003338,test
0003339,train
0003340,validation
0003341,train
0003342,train
0003343,train
0003344,train
0003345,train
0003346,train
0003347,train
0003348,validation
0003349,test
0003350,validation
0003351,train
0003352,train
0003353,validation
0003354,test
0003355,validation
0003356,test
0003357,train
0003358,test
0003359,validation
0003360,test
0003361,train
0003362,train
0003363,train
0003364,train
0003365,train
0003366,validation
0003367,train
0003368,validation
0003369,train
0003370,train
0003371,train
0003372,train
0003373,train
0003374,test
0003375,test
0003376,train
0003377,validation
0003378,train
0003379,train
0003380,test
0003381,train
0003382,train
0003383,test
0003384,test
0003385,train
0003386,train
0003387,test
0003388,train
0003389,train
0003390,train
0003391,validation
0003392,test
0003393,train
0003394,validation
0003395,train
0003396,train
0003397,test
0003398,train
0003399,train
0003400,train
0003401,train
0003402,test
0003403,train
0003404,test
0003405,test
0003406,validation
0003407,train
0003408,train
0003409,train
0003410,train
0003411,train
0003412,train
0003413,train
0003414,train
0003415,train
0003416,test
0003417,train
0003418,test
0003419,train
0003420,train
0003421,train
0003422,train
0003423,train
0003424,train
0003425,train
0003426,train
0003427,test
0003428,train
0003429,test
0003430,train
0003431,train
0003432,validation
0003433,test
0003434,train
0003435,validation
0003436,validation
0003437,train
0003438,test
0003439,test
0003440,train
0003441,train
0003442,train
0003443,train
0003444,train
0003445,validation
0003446,train
0003447,validation
0003448,train
0003449,train
0003450,train
0003451,train
0003452,train
0003453,test
0003454,train
0003455,train
0003456,train
0003457,train
0003458,train
0003459,train
0003460,train
0003461,train
0003462,train
0003463,test
0003464,test
0003465,train
0003466,validation
0003467,train
0003468,test
0003469,test
0003470,test
0003471,train
0003472,test
0003473,train
0003474,train
0003475,train
0003476,train
0003477,train
0003478,train
0003479,train
0003480,train
0003481,train
0003482,train
0003483,train
0003484,train
0003485,train
0003486,train
0003487,train
0003488,train
0003489,validation
0003490,test
0003491,train
0003492,test
0003493,train
0003494,train
0003495,train
0003496,train
0003497,train
0003498,validation
0003499,train
0003500,test
0003501,train
0003502,test
0003503,train
0003504,train
0003505,train
0003506,test
0003507,train
0003508,train
0003509,train
0003510,train
0003511,train
0003512,train
0003513,test
0003514,test
0003515,train
0003516,validation
0003517,train
0003518,train
0003519,train
0003520,train
0003521,validation
0003522,train
0003523,train
0003524,train
0003525,test
0003526,train
0003527,train
0003528,validation
0003529,test
0003531,train
0003532,test
0003533,train
0003534,validation
0003535,train
0003536,train
0003537,train
0003538,validation
0003539,train
0003540,validation
0003541,test
0003542,train
0003543,train
0003544,test
0003545,train
0003546,train
0003547,test
0003548,test
0003549,test
0003550,validation
0003551,train
0003552,train
0003553,train
0003554,train
0003555,validation
0003556,test
0003557,train
0003558,train
0003559,train
0003560,train
0003561,test
0003562,train
0003563,validation
0003564,train
0003565,train
0003566,train
0003567,train
0003568,train
0003569,train
0003570,validation
0003571,train
0003572,test
0003573,validation
0003574,train
0003575,train
0003576,test
0003577,train
0003578,validation
0003579,test
0003580,validation
0003581,train
0003582,validation
0003583,train
0003584,train
0003585,train
0003586,train
0003587,train
0003588,train
0003589,validation
0003590,train
0003591,train
0003592,train
0003593,train
0003594,validation
0003595,train
0003596,train
0003597,train
0003598,train
0003599,train
0003600,train
0003601,test
0003602,train
0003603,validation
0003604,train
0003605,train
0003606,train
0003607,train
0003608,train
0003609,validation
0003610,train
0003611,train
0003612,train
0003613,train
0003614,train
0003615,test
0003616,train
0003617,train
0003618,train
0003619,train
0003620,train
0003621,test
0003622,train
0003623,test
0003624,train
0003625,train
0003626,test
0003627,train
0003628,validation
0003629,train
0003630,train
0003631,train
0003632,train
0003633,train
0003634,train
0003635,train
0003636,train
0003637,validation
0003638,test
0003639,validation
0003640,train
0003641,test
0003642,train
0003643,validation
0003644,validation
0003645,train
0003646,train
0003647,train
0003648,train
0003649,train
0003650,train
0003651,validation
0003652,test
0003653,test
0003654,train
0003655,test
0003656,train
0003657,test
0003658,validation
0003659,train
0003660,train
0003661,train
0003662,test
0003663,train
0003664,train
0003665,train
0003666,test
0003667,validation
0003668,train
0003669,validation
0003670,train
0003671,validation
0003672,test
0003673,train
0003674,test
0003675,validation
0003676,train
0003677,train
0003678,validation
0003679,test
0003680,train
0003681,train
0003682,train
0003683,test
0003684,train
0003685,test
0003686,test
0003687,train
0003688,validation
0003689,validation
0003690,train
0003691,test
0003692,validation
0003693,train
0003694,test
0003695,train
0003696,train
0003697,train
0003698,test
0003699,test
0003700,train
0003701,validation
0003702,train
0003703,train
0003704,validation
0003705,train
0003706,validation
0003707,train
0003708,validation
0003709,test
0003710,test
0003711,train
0003712,test
0003713,test
0003714,test
0003715,train
0003716,test
0003717,train
0003718,train
0003719,train
0003720,train
0003721,train
0003722,train
0003723,test
0003724,train
0003725,train
0003726,train
0003727,train
0003728,train
0003729,train
0003730,test
0003731,train
0003732,train
0003733,train
0003734,test
0003735,train
0003736,train
0003737,train
0003738,validation
0003739,validation
0003740,train
0003741,train
0003742,validation
0003743,validation
0003744,train
0003745,train
0003746,validation
0003747,train
0003748,validation
0003749,validation
0003750,train
0003751,train
0003752,test
0003753,train
0003754,validation
0003755,test
0003756,train
0003757,train
0003758,train
0003759,test
0003760,train
0003761,test
0003762,train
0003763,validation
0003764,train
0003765,train
0003766,train
0003767,test
0003768,train
0003769,validation
0003770,validation
0003771,train
0003772,train
0003773,train
0003774,train
0003775,train
0003776,train
0003777,validation
0003778,train
0003779,test
0003780,validation
0003781,train
0003782,test
0003783,test
0003784,train
0003785,train
0003786,train
0003787,validation
0003788,test
0003789,train
0003790,test
0003791,test
0003792,validation
0003793,test
0003794,train
0003795,train
0003796,test
0003797,train
0003798,train
0003799,validation
0003800,test
0003801,train
0003802,train
0003803,train
0003804,validation
0003805,test
0003806,validation
0003807,validation
0003808,train
0003809,validation
0003810,train
0003811,validation
0003812,validation
0003813,train
0003814,train
0003815,validation
0003816,train
0003817,validation
0003818,train
0003819,test
0003820,train
0003821,train
0003822,train
0003823,validation
0003824,train
0003825,test
0003826,train
0003827,train
0003828,train
0003829,train
0003830,train
0003831,train
0003832,train
0003833,test
0003834,train
0003835,train
0003836,validation
0003837,train
0003838,train
0003839,test
0003840,train
0003841,train
0003842,train
0003843,train
0003844,test
0003845,validation
0003846,train
0003847,validation
0003848,train
0003849,train
0003850,train
0003851,train
0003852,train
0003853,train
0003854,train
0003855,train
0003856,train
0003857,validation
0003858,test
0003859,train
0003860,validation
0003861,test
0003862,train
0003863,test
0003864,train
0003865,validation
0003866,test
0003867,train
0003868,train
0003869,validation
0003870,train
0003871,train
0003872,train
0003873,validation
0003874,train
0003875,test
0003876,train
0003877,validation
0003878,validation
0003879,test
0003880,validation
0003881,train
0003882,train
0003883,train
0003884,train
0003885,train
0003886,validation
0003887,test
0003888,train
0003889,test
0003890,train
0003891,test
0003892,train
0003893,train
0003894,train
0003895,test
0003896,train
0003897,test
0003898,train
0003899,validation
0003900,train
0003901,test
0003902,validation
0003903,train
0003904,train
0003905,validation
0003906,train
0003907,train
0003908,train
0003909,train
0003910,validation
0003911,train
0003912,validation
0003913,train
0003914,train
0003915,train
0003916,test
0003917,train
0003918,test
0003919,train
0003920,test
0003921,validation
0003922,train
0003923,train
0003924,validation
0003925,train
0003926,train
0003927,validation
0003928,train
0003929,train
0003930,validation
0003931,train
0003932,validation
0003933,train
0003934,train
0003935,validation
0003936,train
0003937,test
0003938,train
0003939,test
0003940,test
0003941,train
0003942,train
0003943,test
0003944,train
0003945,validation
0003946,train
0003947,test
0003948,test
0003949,train
0003950,test
0003951,test
0003952,test
0003953,train
0003954,train
0003955,test
0003956,train
0003957,validation
0003958,test
0003959,validation
0003960,train
0003961,train
0003962,train
0003963,train
0003964,train
0003965,train
0003966,train
0003967,train
0003968,train
0003969,train
0003970,test
0003971,train
0003972,train
0003973,train
0003974,train
0003975,validation
0003976,train
0003977,test
0003978,train
0003979,test
0003980,validation
0003981,validation
0003982,train
0003983,validation
0003984,train
0003985,train
0003986,train
0003987,train
0003988,train
0003989,train
0003990,train
0003991,train
0003992,train
0003993,train
0003994,train
0003995,test
0003996,train
0003997,test
0003998,train
0003999,train
0004000,test
0004001,train
0004002,train
0004003,test
0004004,train
0004005,test
0004006,train
0004007,test
0004008,test
0004009,test
0004010,test
0004011,train
0004012,validation
0004013,train
0004014,train
0004015,validation
0004016,train
0004017,train
0004018,validation
0004019,train
0004020,train
0004021,train
0004022,train
0004023,train
0004024,train
0004025,train
0004026,train
0004027,train
0004028,train
0004029,test
0004030,test
0004031,train
0004032,test
0004033,train
0004034,test
0004035,test
0004036,test
0004037,test
0004038,test
0004039,train
0004040,train
0004041,test
0004042,train
0004043,train
0004044,train
0004045,train
0004046,test
0004047,train
0004048,train
0004049,train
0004050,validation
0004051,train
0004052,test
0004053,train
0004054,test
0004055,test
0004056,validation
0004057,train
0004058,train
0004059,test
0004060,train
0004061,test
0004062,train
0004063,train
0004064,validation
0004065,validation
0004066,test
0004067,train
0004068,train
0004069,train
0004070,test
0004071,test
0004072,train
0004073,train
0004074,train
0004075,train
0004076,train
0004077,test
0004078,train
0004079,train
0004080,test
0004081,train
0004082,test
0004083,test
0004084,train
0004085,train
0004086,train
0004087,test
0004088,validation
0004089,train
0004090,test
0004091,train
0004092,validation
0004093,train
0004094,validation
0004095,train
0004096,train
0004097,test
0004098,test
0004099,train
0004100,test
0004101,train
0004102,train
0004103,test
0004104,train
0004105,train
0004106,train
0004107,train
0004108,test
0004109,train
0004110,test
0004111,train
0004112,train
0004113,train
0004114,validation
0004115,train
0004116,train
0004117,test
0004118,train
0004119,train
0004120,train
0004121,test
0004122,train
0004123,train
0004124,train
0004125,train
0004126,validation
0004127,train
0004128,train
0004129,test
0004130,train
0004131,train
0004132,train
0004133,train
0004134,train
0004135,test
0004136,train
0004137,train
0004138,test
0004139,validation
0004140,train
0004141,train
0004142,train
0004143,test
0004144,validation
0004145,train
0004146,train
0004147,train
0004148,validation
0004149,train
0004150,validation
0004151,train
0004152,train
0004153,validation
0004154,test
0004155,test
0004156,train
0004157,train
0004158,train
0004159,validation
0004160,train
0004161,train
0004162,train
0004163,train
0004164,train
0004165,train
0004166,train
0004167,test
0004168,train
0004169,train
0004170,train
0004171,train
0004172,train
0004173,train
0004174,train
0004175,train
0004176,test
0004177,validation
0004178,train
0004179,train
0004180,train
0004181,train
0004182,test
0004183,validation
0004184,train
0004185,train
0004186,train
0004187,test
0004188,validation
0004189,train
0004190,test
0004191,train
0004192,train
0004193,train
0004194,train
0004195,train
0004196,train
0004197,test
0004198,validation
0004199,test
0004200,test
0004201,train
0004202,test
0004203,train
0004204,validation
0004205,train
0004206,train
0004207,test
0004208,test
0004209,validation
0004210,train
0004211,test
0004212,validation
0004213,validation
0004214,train
0004215,train
0004216,test
0004217,train
0004218,train
0004219,train
0004220,train
0004221,validation
0004222,train
0004223,train
0004224,train
0004225,train
0004226,validation
0004227,train
0004228,train
0004229,train
0004230,test
0004231,train
0004232,test
0004233,train
0004234,test
0004235,train
0004236,train
0004237,validation
0004238,train
0004239,train
0004240,train
0004241,validation
0004242,train
0004243,test
0004244,test
0004245,train
0004246,train
0004247,train
0004248,train
0004249,train
0004250,train
0004251,test
0004252,test
0004253,train
0004255,train
0004256,train
0004257,test
0004258,train
0004259,train
0004260,test
0004261,test
0004262,validation
0004263,train
0004264,validation
0004265,train
0004266,train
0004267,train
0004268,train
0004269,test
0004270,train
0004271,test
0004272,test
0004273,train
0004274,train
0004275,validation
0004276,test
0004277,train
0004278,test
0004279,train
0004280,test
0004281,train
0004282,validation
0004283,train
0004284,test
0004285,train
0004286,train
0004287,test
0004288,train
0004289,train
0004290,train
0004291,test
0004292,train
0004293,train
0004294,train
0004295,train
0004296,train
0004297,train
0004298,validation
0004299,test
0004300,train
0004301,train
0004302,train
0004303,train
0004304,train
0004305,validation
0004306,train
0004307,train
0004308,train
0004309,train
0004310,train
0004311,train
0004312,train
0004313,train
0004314,train
0004315,train
0004316,test
0004317,train
0004318,train
0004319,train
0004320,test
0004321,train
0004322,test
0004323,train
0004324,train
0004325,train
0004326,train
0004327,train
0004328,train
0004329,train
0004330,train
0004331,train
0004332,train
0004333,train
0004334,train
0004335,test
0004336,test
0004337,validation
0004338,train
0004339,test
0004340,validation
0004341,train
0004342,test
0004343,test
0004344,train
0004345,test
0004346,train
0004347,train
0004348,train
0004349,test
0004350,train
0004351,train
0004352,test
0004353,train
0004354,test
0004355,train
0004356,validation
0004357,train
0004358,validation
0004359,train
0004360,test
0004361,test
0004362,train
0004363,train
0004364,train
0004365,train
0004366,test
0004367,train
0004368,train
0004369,validation
0004370,validation
0004371,train
0004372,train
0004373,test
0004374,test
0004375,validation
0004376,train
0004377,train
0004378,train
0004379,test
0004380,train
0004381,train
0004382,train
0004383,train
0004384,test
0004385,train
0004386,test
0004387,train
0004388,train
0004389,test
0004390,train
0004391,train
0004392,train
0004393,train
0004394,train
0004395,train
0004396,train
0004397,train
0004398,train
0004399,train
0004400,train
0004401,train
0004402,test
0004403,validation
0004404,test
0004405,test
0004406,validation
0004407,train
0004408,train
0004409,train
0004410,test
0004411,train
0004412,train
0004413,train
0004414,train
0004415,train
0004416,train
0004417,train
0004418,test
0004419,train
0004420,train
0004421,train
0004422,test
0004423,train
0004424,train
0004425,train
0004426,train
0004427,train
0004428,validation
0004429,train
0004430,train
0004431,train
0004432,validation
0004433,validation
0004434,train
0004435,test
0004436,train
0004437,validation
0004438,train
0004439,train
0004440,validation
0004441,train
0004442,train
0004443,test
0004444,validation
0004445,validation
0004446,train
0004447,train
0004448,validation
0004449,train
0004450,validation
0004451,train
0004452,train
0004453,train
0004454,validation
0004455,test
0004456,train
0004457,train
0004458,train
0004459,train
0004460,train
0004461,train
0004462,train
0004463,train
0004464,train
0004465,train
0004466,test
0004467,train
0004468,train
0004469,train
0004470,train
0004471,test
0004472,train
0004473,train
0004474,train
0004475,train
0004476,train
0004477,train
0004478,train
0004479,validation
0004480,train
0004481,test
0004482,train
0004483,train
0004484,train
0004485,train
0004486,train
0004487,train
0004488,train
0004489,train
0004490,train
0004491,test
0004492,train
0004493,test
0004494,validation
0004495,train
0004496,train
0004497,train
0004498,train
0004499,train
0004500,train
0004501,validation
0004502,validation
0004503,train
0004504,validation
0004505,validation
0004506,train
0004507,train
0004508,train
0004509,train
0004510,train
0004511,test
0004512,test
0004513,train
0004514,train
0004515,train
0004516,train
0004517,train
0004518,test
0004519,train
0004520,train
0004521,train
0004522,train
0004523,train
0004524,train
0004525,test
0004526,train
0004527,train
0004528,train
0004529,train
0004530,train
0004531,validation
0004532,test
0004533,validation
0004534,validation
0004535,train
0004536,train
0004537,train
0004538,validation
0004539,test
0004540,train
0004541,train
0004542,validation
0004543,train
0004544,test
0004545,validation
0004546,train
0004547,test
0004548,test
0004549,train
0004550,train
0004551,train
0004552,train
0004553,train
0004554,train
0004555,train
0004556,test
0004557,train
0004558,train
0004559,train
0004560,train
0004561,test
0004562,train
0004563,train
0004564,train
0004565,train
0004566,train
0004567,test
0004568,test
0004569,test
0004570,train
0004571,train
0004572,test
0004573,validation
0004574,validation
0004575,test
0004576,train
0004577,train
0004578,train
0004579,validation
0004580,train
0004581,validation
0004582,train
0004583,train
0004584,validation
0004585,train
0004586,train
0004587,train
0004588,train
0004589,validation
0004590,validation
0004591,test
0004592,train
0004593,train
0004594,test
0004595,train
0004596,train
0004597,train
0004598,validation
0004599,train
0004600,test
0004601,train
0004602,train
0004603,train
0004604,train
0004605,test
0004606,train
0004607,train
0004608,train
0004609,train
0004610,train
0004611,test
0004612,train
0004613,test
0004614,validation
0004615,train
0004616,test
0004617,train
0004618,train
0004619,validation
0004620,train
0004621,test
0004622,train
0004623,train
0004624,test
0004625,validation
0004626,validation
0004627,train
0004628,train
0004629,train
0004630,test
0004631,train
0004632,train
0004633,test
0004634,train
0004635,train
0004636,test
0004637,test
0004638,test
0004639,train
0004640,validation
0004641,test
0004642,test
0004643,train
0004644,train
0004645,train
0004646,train
0004647,train
0004648,test
0004649,train
0004650,train
0004651,train
0004652,train
0004653,train
0004654,train
0004655,validation
0004656,train
0004657,train
0004658,train
0004659,train
0004660,train
0004661,train
0004662,train
0004663,test
0004664,train
0004665,train
0004666,train
0004667,train
0004668,train
0004669,train
0004670,train
0004671,train
0004672,test
0004673,train
0004674,test
0004676,train
0004677,train
0004678,train
0004679,test
0004680,train
0004681,train
0004682,train
0004683,train
0004684,validation
0004685,train
0004686,train
0004687,train
0004688,test
0004689,train
0004690,validation
0004691,train
0004692,test
0004693,test
0004694,train
0004695,validation
0004696,train
0004697,train
0004698,validation
0004699,train
0004700,test
0004701,train
0004702,train
0004703,train
0004704,train
0004705,train
0004706,train
0004707,train
0004708,train
0004709,validation
0004710,train
0004711,train
0004712,train
0004713,train
0004714,test
0004715,train
0004716,validation
0004717,train
0004718,test
0004719,train
0004720,test
0004721,train
0004722,train
0004723,train
0004724,train
0004725,validation
0004726,test
0004727,train
0004728,validation
0004729,test
0004730,train
0004731,validation
0004732,validation
0004733,train
0004734,train
0004735,train
0004736,validation
0004737,train
0004738,train
0004739,train
0004740,train
0004741,validation
0004742,train
0004743,train
0004744,validation
0004745,train
0004746,train
0004747,train
0004748,test
0004749,train
0004750,validation
0004751,train
0004752,validation
0004753,train
0004754,train
0004755,test
0004756,validation
0004757,train
0004758,train
0004759,train
0004760,train
0004761,train
0004762,train
0004763,test
0004764,train
0004765,train
0004766,train
0004767,train
0004768,train
0004769,train
0004770,train
0004771,train
0004772,train
0004773,train
0004774,train
0004775,train
0004776,train
0004777,train
0004778,train
0004779,train
0004780,train
0004781,validation
0004782,train
0004783,train
0004784,train
0004785,train
0004786,train
0004787,test
0004788,train
0004789,validation
0004790,train
0004791,train
0004792,train
0004793,train
0004794,train
0004795,test
0004796,train
0004797,train
0004798,validation
0004799,train
0004800,validation
0004801,train
0004802,test
0004803,validation
0004804,train
0004805,train
0004806,train
0004807,train
0004808,train
0004809,train
0004810,train
0004811,test
0004812,validation
0004813,train
0004814,train
0004815,train
0004816,test
0004817,train
0004818,train
0004819,train
0004820,test
0004821,train
0004822,train
0004823,validation
0004824,train
0004825,validation
0004826,train
0004827,train
0004828,train
0004829,train
0004830,validation
0004831,train
0004832,train
0004833,train
0004834,train
0004835,train
0004836,train
0004837,test
0004838,train
0004839,validation
0004840,train
0004841,train
0004842,train
0004843,train
0004844,test
0004845,train
0004846,train
0004847,train
0004848,train
0004849,train
0004850,test
0004851,validation
0004852,train
0004853,test
0004854,train
0004855,train
0004856,test
0004857,validation
0004858,validation
0004859,train
0004860,test
0004861,validation
0004862,train
0004863,validation
0004864,train
0004865,train
0004866,validation
0004867,train
0004868,train
0004869,train
0004870,test
0004871,train
0004872,train
0004873,train
0004874,train
0004875,train
0004876,test
0004877,train
0004878,train
0004879,train
0004880,train
0004881,validation
0004882,train
0004883,train
0004884,validation
0004885,validation
0004886,validation
0004887,train
0004888,train
0004889,test
0004890,train
0004891,validation
0004892,train
0004893,validation
0004894,train
0004895,validation
0004896,train
0004897,test
0004898,test
0004899,train
0004900,train
0004901,train
0004902,test
0004903,train
0004904,test
0004905,train
0004906,train
0004907,test
0004908,train
0004909,test
0004910,validation
0004911,train
0004912,train
0004913,train
0004914,train
0004915,validation
0004916,validation
0004917,train
0004918,train
0004919,train
0004920,train
0004921,train
0004922,train
0004923,train
0004924,validation
0004925,validation
0004926,train
0004927,train
0004928,validation
0004929,test
0004930,validation
0004931,train
0004932,train
0004933,train
0004934,train
0004935,train
0004936,train
0004937,test
0004938,train
0004939,train
0004940,validation
0004941,train
0004942,test
0004943,train
0004944,train
0004945,train
0004946,test
0004947,train
0004948,validation
0004949,train
0004950,train
0004951,validation
0004952,train
0004953,validation
0004954,train
0004955,train
0004956,test
0004957,train
0004958,train
0004959,train
0004960,test
0004961,train
0004962,train
0004963,test
0004964,train
0004965,test
0004966,train
0004967,train
0004968,validation
0004969,validation
0004970,validation
0004971,validation
0004972,train
0004973,validation
0004974,train
0004975,train
0004976,train
0004977,train
0004978,train
0004979,train
0004980,train
0004981,train
0004982,test
0004983,test
0004984,train
0004985,test
0004986,validation
0004987,train
0004988,train
0004989,train
0004990,train
0004991,test
0004992,train
0004993,test
0004994,train
0004995,train
0004996,train
0004997,test
0004998,train
0004999,test
0005000,validation
0005001,validation
0005002,validation
0005003,test
0005004,train
0005005,train
0005006,train
0005007,test
0005008,train
0005009,train
0005010,validation
0005011,train
0005012,validation
0005013,validation
0005014,train
0005015,validation
0005016,train
0005017,train
0005018,train
0005019,train
0005020,train
0005021,train
0005022,test
0005023,test
0005024,train
0005025,train
0005026,validation
0005027,test
0005028,train
0005029,train
0005030,test
0005031,test
0005032,train
0005033,validation
0005034,test
0005035,test
0005036,test
0005037,train
0005038,test
0005039,train
0005040,test
0005041,train
0005042,validation
0005043,train
0005044,validation
0005045,train
0005046,train
0005047,train
0005048,train
0005049,train
0005050,train
0005051,validation
0005052,train
0005053,validation
0005054,train
0005055,train
0005056,train
0005057,validation
0005058,train
0005059,train
0005060,validation
0005061,test
0005062,train
0005063,train
0005064,train
0005065,train
0005066,train
0005067,validation
0005068,train
0005069,test
0005070,train
0005071,train
0005072,test
0005073,test
0005074,test
0005075,validation
0005076,train
0005077,train
0005078,test
0005079,test
0005080,train
0005081,train
0005082,train
0005083,train
0005084,test
0005085,train
0005086,train
0005087,train
0005088,train
0005089,train
0005090,train
0005091,train
0005092,train
0005093,validation
0005094,train
0005095,validation
0005096,train
0005097,train
0005098,validation
0005099,validation
0005100,train
0005101,train
0005102,train
0005103,validation
0005104,train
0005105,train
0005106,train
0005107,train
0005108,test
0005109,train
0005110,train
0005111,train
0005112,train
0005113,train
0005114,test
0005115,train
0005116,train
0005117,train
0005118,validation
0005119,test
0005120,train
0005121,validation
0005122,test
0005123,train
0005124,train
0005125,train
0005126,test
0005127,train
0005128,train
0005129,test
0005130,train
0005131,test
0005132,train
0005133,train
0005134,train
0005135,validation
0005136,train
0005137,train
0005138,train
0005139,train
0005140,train
0005141,test
0005142,train
0005143,test
0005144,train
0005145,train
0005146,validation
0005147,train
0005148,validation
0005149,validation
0005150,train
0005151,test
0005152,test
0005153,test
0005154,test
0005155,train
0005156,train
0005157,train
0005158,validation
0005159,train
0005160,validation
0005161,train
0005162,train
0005163,train
0005164,test
0005165,train
0005166,train
0005167,test
0005168,train
0005169,train
0005170,train
0005171,train
0005172,train
0005173,test
0005174,validation
0005175,validation
0005176,train
0005177,train
0005178,train
0005179,train
0005180,train
0005181,test
0005182,validation
0005183,train
0005184,train
0005185,train
0005186,validation
0005187,train
0005188,test
0005189,test
0005190,train
0005191,train
0005192,train
0005193,train
0005194,test
0005195,train
0005196,train
0005197,train
0005198,train
0005199,validation
0005200,train
0005201,train
0005202,train
0005203,train
0005204,validation
0005205,train
0005206,train
0005207,train
0005208,train
0005209,train
0005210,test
0005211,train
0005212,test
0005213,train
0005214,test
0005215,train
0005216,train
0005217,train
0005218,train
0005219,test
0005220,train
0005221,train
0005222,test
0005223,validation
0005224,train
0005225,train
0005226,train
0005227,validation
0005228,train
0005229,test
0005230,train
0005231,train
0005232,train
0005233,test
0005234,train
0005235,test
0005236,validation
0005237,test
0005238,validation
0005239,train
0005240,train
0005241,validation
0005242,validation
0005243,test
0005244,train
0005245,train
0005246,train
0005247,train
0005248,train
0005249,train
0005250,train
0005251,train
0005252,train
0005253,train
0005254,train
0005255,train
0005256,train
0005257,train
0005258,test
0005259,train
0005260,train
0005261,train
0005262,test
0005263,train
0005264,train
0005265,validation
0005266,train
0005267,train
0005268,train
0005269,train
0005270,test
0005271,train
0005272,test
0005273,train
0005274,validation
0005275,test
0005276,train
0005277,train
0005278,train
0005279,test
0005280,train
0005281,train
0005282,validation
0005283,train
0005284,validation
0005285,train
0005286,test
0005287,test
0005288,train
0005289,validation
0005290,train
0005291,train
0005292,train
0005293,validation
0005294,train
0005295,validation
0005296,test
0005297,validation
0005298,train
0005299,train
0005300,train
0005301,train
0005302,test
0005303,train
0005304,train
0005305,train
0005306,train
0005307,train
0005308,train
0005309,train
0005310,test
0005311,train
0005312,test
0005313,train
0005314,validation
0005315,train
0005316,test
0005317,train
0005318,train
0005319,train
0005320,test
0005321,train
0005322,train
0005323,train
0005324,train
0005325,train
0005326,validation
0005327,train
0005328,train
0005329,train
0005330,train
0005331,train
0005332,train
0005333,test
0005334,train
0005335,train
0005336,test
0005337,train
0005338,train
0005339,validation
0005340,train
0005341,train
0005342,train
0005343,validation
0005344,train
0005345,train
0005346,train
0005347,test
0005348,test
0005349,train
0005350,train
0005351,train
0005352,test
0005353,train
0005354,validation
0005355,train
0005356,train
0005357,test
0005358,test
0005359,train
0005360,train
0005361,train
0005362,test
0005363,train
0005364,validation
0005365,train
0005366,test
0005367,validation
0005368,train
0005369,test
0005370,test
0005371,test
0005372,test
0005373,train
0005374,validation
0005375,train
0005376,validation
0005377,train
0005378,validation
0005379,test
0005380,train
0005381,train
0005382,train
0005383,train
0005384,train
0005385,test
0005386,validation
0005387,test
0005388,train
0005389,train
0005390,train
0005391,train
0005392,train
0005393,train
0005394,test
0005395,train
0005396,train
0005397,test
0005398,train
0005399,test
0005400,validation
0005401,train
0005402,train
0005403,train
0005404,validation
0005405,test
0005406,train
0005407,test
0005408,test
0005409,validation
0005410,validation
0005411,train
0005412,train
0005413,validation
0005414,train
0005415,test
0005416,validation
0005417,train
0005418,train
0005419,train
0005420,validation
0005421,validation
0005422,train
0005423,train
0005424,validation
0005425,train
0005426,test
0005427,test
0005428,train
0005429,test
0005430,test
0005431,train
0005432,train
0005433,test
0005434,train
0005435,train
0005436,train
0005437,train
0005438,train
0005439,train
0005440,train
0005441,train
0005442,validation
0005443,train
0005444,train
0005445,train
0005446,train
0005447,train
0005448,test
0005449,test
0005450,train
0005451,train
0005452,train
0005453,train
0005454,validation
0005455,train
0005456,train
0005457,train
0005458,train
0005459,validation
0005460,train
0005461,validation
0005462,test
0005463,train
0005464,train
0005465,validation
0005466,test
0005467,train
0005468,validation
0005469,test
0005470,train
0005471,train
0005472,test
0005473,validation
0005474,train
0005475,train
0005476,train
0005477,validation
0005478,test
0005479,test
0005480,train
0005481,train
0005482,test
0005483,train
0005484,train
0005485,test
0005486,train
0005487,test
0005488,train
0005489,train
0005490,train
0005491,train
0005492,train
0005493,train
0005494,validation
0005495,validation
0005496,train
0005497,test
0005498,train
0005499,test
0005500,validation
0005501,train
0005502,train
0005503,train
0005504,test
0005505,train
0005506,train
0005507,train
0005508,test
0005509,test
0005510,test
0005511,train
0005512,train
0005513,train
0005514,train
0005515,train
0005516,test
0005517,train
0005518,validation
0005519,train
0005520,validation
0005521,train
0005522,validation
0005523,train
0005524,validation
0005525,train
0005526,train
0005527,train
0005528,train
0005529,test
0005530,test
0005531,validation
0005532,train
0005533,validation
0005534,test
0005535,train
0005536,train
0005537,train
0005538,train
0005539,train
0005540,train
0005541,train
0005542,train
0005543,train
0005544,train
0005545,test
0005546,train
0005547,train
0005548,train
0005549,train
0005550,train
0005551,train
0005552,test
0005553,train
0005554,train
0005555,test
0005556,train
0005557,test
0005558,train
0005559,train
0005560,train
0005561,validation
0005562,validation
0005563,train
0005564,train
0005565,validation
0005566,train
0005567,train
0005568,train
0005569,train
0005570,train
0005571,test
0005572,test
0005573,validation
0005574,test
0005575,train
0005576,train
0005577,train
0005578,train
0005579,validation
0005580,validation
0005581,train
0005582,train
0005583,train
0005584,test
0005585,test
0005586,train
0005587,train
0005588,train
0005589,test
0005590,test
0005591,train
0005592,train
0005593,train
0005594,validation
0005595,train
0005596,validation
0005597,test
0005598,train
0005599,train
0005600,train
0005601,test
0005602,train
0005603,train
0005604,train
0005605,test
0005606,train
0005607,validation
0005608,validation
0005609,train
0005610,train
0005611,test
0005612,validation
0005613,test
0005614,validation
0005615,train
0005616,validation
0005617,validation
0005618,train
0005619,train
0005620,train
0005621,train
0005622,test
0005623,train
0005624,train
0005625,test
0005626,train
0005627,validation
0005628,train
0005629,validation
0005630,train
0005631,validation
0005632,train
0005633,train
0005634,train
0005635,train
0005636,validation
0005637,train
0005638,train
0005639,validation
0005640,test
0005641,validation
0005642,train
0005643,validation
0005644,validation
0005645,train
0005646,train
0005647,test
0005648,train
0005649,train
0005650,test
0005651,train
0005652,train
0005653,train
0005654,test
0005655,train
0005656,train
0005657,train
0005658,test
0005659,train
0005660,train
0005661,validation
0005662,test
0005663,train
0005664,validation
0005665,test
0005666,train
0005667,train
0005668,validation
0005669,train
0005670,train
0005671,validation
0005672,test
0005673,train
0005674,validation
0005675,test
0005676,train
0005677,train
0005678,train
0005679,train
0005680,train
0005681,train
0005682,test
0005683,train
0005684,train
0005685,validation
0005686,train
0005687,train
0005688,test
0005689,train
0005690,train
0005691,test
0005692,train
0005693,train
0005694,validation
0005695,validation
0005696,train
0005697,train
0005698,train
0005699,train
0005700,train
0005701,validation
0005702,train
0005703,train
0005704,train
0005705,train
0005706,test
0005707,train
0005708,train
0005709,train
0005710,train
0005711,train
0005712,train
0005713,train
0005714,train
0005715,train
0005716,train
0005717,validation
0005718,train
0005719,train
0005720,test
0005721,train
0005722,train
0005723,train
0005724,validation
0005725,train
0005726,train
0005727,test
0005728,train
0005729,train
0005730,train
0005731,train
0005732,train
0005733,train
0005734,train
0005735,validation
0005736,test
0005737,test
0005738,train
0005739,test
0005740,validation
0005741,validation
0005742,validation
0005743,train
0005744,test
0005745,validation
0005746,train
0005747,train
0005748,train
0005749,train
0005750,train
0005751,train
0005752,validation
0005753,train
0005754,train
0005755,train
0005756,train
0005757,train
0005758,validation
0005759,train
0005760,train
0005761,train
0005762,validation
0005763,train
0005764,train
0005765,train
0005766,train
0005767,train
0005768,train
0005769,train
0005770,train
0005771,train
0005773,test
0005774,train
0005775,train
0005776,validation
0005777,test
0005778,train
0005779,test
0005780,train
0005781,validation
0005782,train
0005783,train
0005784,train
0005785,train
0005786,validation
0005787,train
0005788,train
0005789,train
0005790,test
0005791,validation
0005792,validation
0005793,train
0005794,test
0005795,test
0005796,validation
0005797,train
0005798,train
0005799,train
0005800,validation
0005801,test
0005802,train
0005803,train
0005804,train
0005805,validation
0005806,train
0005807,test
0005808,validation
0005809,train
0005810,train
0005811,train
0005812,train
0005813,train
0005814,test
0005815,validation
0005816,train
0005817,validation
0005818,test
0005819,train
0005820,train
0005821,train
0005822,train
0005823,train
0005824,test
0005825,test
0005826,test
0005827,train
0005828,test
0005829,test
0005830,train
0005831,test
0005832,train
0005833,train
0005834,train
0005835,train
0005836,train
0005837,train
0005838,test
0005839,test
0005840,train
0005841,train
0005842,test
0005843,train
0005844,train
0005845,train
0005846,test
0005847,validation
0005848,train
0005849,validation
0005850,train
0005851,train
0005852,test
0005853,test
0005854,train
0005855,train
0005856,train
0005857,train
0005858,train
0005859,test
0005860,train
0005861,train
0005862,test
0005863,train
0005864,train
0005865,train
0005866,validation
0005867,test
0005868,train
0005869,validation
0005870,validation
0005871,test
0005872,test
0005873,train
0005874,validation
0005875,train
0005876,train
0005877,train
0005878,train
0005879,train
0005880,train
0005881,train
0005882,train
0005883,test
0005884,test
0005885,validation
0005886,train
0005887,validation
0005888,validation
0005889,train
0005890,train
0005891,train
0005892,train
0005893,train
0005894,validation
0005895,train
0005896,train
0005897,train
0005898,train
0005899,train
0005900,train
0005901,train
0005902,train
0005903,train
0005904,train
0005905,test
0005906,train
0005907,train
0005908,test
0005909,test
0005910,train
0005911,train
0005912,train
0005913,train
0005914,train
0005915,validation
0005916,train
0005917,train
0005918,test
0005919,train
0005920,validation
0005921,test
0005922,train
0005923,validation
0005924,train
0005925,validation
0005926,train
0005927,test
0005928,train
0005929,validation
0005930,validation
0005931,train
0005932,train
0005933,train
0005934,validation
0005935,validation
0005936,train
0005937,train
0005938,train
0005939,train
0005940,train
0005941,train
0005942,train
0005943,train
0005944,train
0005945,train
0005946,train
0005947,validation
0005948,train
0005949,test
0005950,train
0005951,train
0005952,train
0005953,train
0005954,validation
0005955,train
0005956,train
0005957,train
0005958,train
0005959,train
0005960,train
0005961,validation
0005962,test
0005963,train
0005964,test
0005965,train
0005966,test
0005967,train
0005968,train
0005969,train
0005970,train
0005971,train
0005972,train
0005973,train
0005974,train
0005975,validation
0005976,test
0005977,train
0005978,test
0005979,train
0005980,train
0005981,validation
0005982,train
0005983,test
0005984,train
0005985,train
0005986,train
0005987,train
0005988,train
0005989,train
0005990,train
0005991,train
0005992,test
0005993,train
0005994,train
0005995,validation
0005996,train
0005997,train
0005998,train
0005999,train
0006000,validation
0006001,test
0006002,test
0006003,test
0006004,train
0006005,train
0006006,train
0006007,test
0006008,validation
0006009,test
0006010,train
0006011,train
0006012,train
0006013,test
0006014,train
0006015,validation
0006016,validation
0006017,test
0006018,train
0006019,train
0006020,train
0006021,train
0006022,train
0006023,validation
0006024,train
0006025,train
0006026,train
0006027,train
0006028,train
0006029,train
0006030,test
0006031,test
0006032,train
0006033,validation
0006034,train
0006035,train
0006036,train
0006037,train
0006038,test
0006039,train
0006040,train
0006041,train
0006042,train
0006043,train
0006044,train
0006045,train
0006046,validation
0006047,train
0006048,train
0006049,train
0006050,train
0006051,train
0006052,train
0006053,test
0006054,test
0006055,train
0006056,train
0006057,train
0006058,train
0006059,train
0006060,validation
0006061,train
0006062,train
0006063,train
0006064,validation
0006065,train
0006066,test
0006067,train
0006068,train
0006069,train
0006070,train
0006071,validation
0006072,train
0006073,train
0006074,train
0006075,train
0006076,train
0006077,train
0006078,test
0006079,test
0006080,test
0006081,train
0006082,test
0006083,train
0006084,train
0006085,test
0006086,test
0006087,train
0006088,validation
0006089,train
0006090,test
0006091,train
0006092,test
0006093,test
0006094,test
0006095,test
0006096,train
0006097,test
0006098,validation
0006099,train
0006100,train
0006101,test
0006102,train
0006103,validation
0006104,train
0006105,train
0006106,train
0006107,test
0006108,train
0006109,train
0006110,test
0006111,validation
0006112,train
0006113,train
0006114,validation
0006115,test
0006116,train
0006117,train
0006118,test
0006119,test
0006120,train
0006121,validation
0006122,test
0006123,train
0006124,train
0006125,validation
0006126,test
0006127,train
0006128,train
0006129,train
0006130,validation
0006131,train
0006132,validation
0006133,train
0006135,test
0006136,train
0006137,test
0006138,test
0006139,train
0006140,train
0006141,train
0006142,train
0006143,train
0006144,train
0006145,train
0006146,train
0006147,test
0006148,test
0006149,train
0006150,train
0006151,train
0006152,train
0006153,validation
0006154,validation
0006155,test
0006156,train
0006157,train
0006158,test
0006159,test
0006160,train
0006161,test
0006162,train
0006163,validation
0006164,train
0006165,train
0006166,train
0006167,train
0006168,train
0006169,test
0006170,train
0006171,test
0006172,train
0006173,train
0006174,train
0006175,test
0006176,train
0006177,train
0006178,train
0006179,train
0006180,validation
0006181,train
0006182,train
0006183,train
0006184,train
0006185,train
0006186,train
0006187,test
0006188,validation
0006189,train
0006190,validation
0006191,test
0006192,train
0006193,train
0006194,train
0006195,train
0006196,test
0006197,train
0006198,train
0006199,test
0006200,train
0006201,train
0006202,train
0006203,train
0006204,test
0006205,train
0006206,train
0006207,train
0006208,train
0006209,train
0006210,test
0006211,test
0006212,train
0006213,train
0006214,train
0006215,test
0006216,train
0006217,train
0006218,test
0006219,test
0006220,train
0006221,test
0006222,train
0006223,validation
0006224,train
0006225,train
0006226,validation
0006227,train
0006228,train
0006229,train
0006230,validation
0006231,train
0006232,train
0006233,test
0006234,test
0006235,train
0006236,validation
0006237,train
0006238,train
0006239,validation
0006240,train
0006241,train
0006242,train
0006243,train
0006244,validation
0006245,validation
0006246,train
0006247,train
0006248,validation
0006249,train
0006250,train
0006251,train
0006252,train
0006253,train
0006254,train
0006255,validation
0006256,train
0006257,test
0006258,validation
0006259,validation
0006260,test
0006261,validation
0006262,train
0006263,train
0006264,validation
0006265,test
0006266,train
0006267,validation
0006268,validation
0006269,test
0006270,train
0006271,train
0006272,train
0006273,test
0006274,validation
0006275,train
0006276,train
0006277,train
0006278,validation
0006279,validation
0006280,test
0006281,train
0006282,train
0006283,test
0006284,train
0006285,train
0006286,train
0006287,train
0006288,train
0006289,train
0006290,train
0006291,test
0006292,train
0006293,train
0006294,validation
0006295,train
0006296,train
0006297,train
0006298,train
0006299,validation
0006300,validation
0006301,test
0006302,train
0006303,train
0006304,train
0006305,train
0006306,train
0006307,train
0006308,test
0006309,train
0006310,test
0006311,test
0006312,train
0006313,train
0006314,train
0006315,train
0006316,train
0006317,test
0006318,train
0006319,train
0006320,train
0006321,test
0006322,validation
0006323,train
0006324,test
0006325,test
0006326,train
0006327,train
0006328,train
0006329,train
0006330,train
0006331,train
0006332,validation
0006333,test
0006334,train
0006335,test
0006336,validation
0006337,train
0006338,train
0006339,train
0006340,validation
0006341,train
0006342,train
0006343,test
0006344,test
0006345,validation
0006346,train
0006347,validation
0006348,test
0006349,test
0006350,train
0006351,train
0006352,train
0006353,train
0006354,train
0006355,train
0006356,test
0006357,train
0006358,train
0006359,test
0006360,train
0006361,train
0006362,train
0006363,train
0006364,train
0006365,train
0006366,train
0006367,train
0006368,train
0006369,train
0006370,validation
0006371,train
0006372,train
0006373,test
0006374,test
0006375,test
0006376,test
0006377,train
0006378,train
0006379,validation
0006380,train
0006381,validation
0006382,validation
0006383,train
0006384,train
0006385,train
0006386,validation
0006387,test
0006388,test
0006389,test
0006390,train
0006391,train
0006392,train
0006393,train
0006394,train
0006395,train
0006396,validation
0006397,train
0006398,train
0006399,train
0006400,validation
0006401,validation
0006402,validation
0006403,train
0006404,train
0006405,train
0006406,train
0006407,validation
0006408,train
0006409,train
0006410,train
0006411,train
0006412,train
0006413,test
0006414,train
0006415,train
0006416,validation
0006417,train
0006418,train
0006419,train
0006420,train
0006421,train
0006422,train
0006423,train
0006424,train
0006425,train
0006426,validation
0006427,train
0006428,train
0006429,validation
0006430,train
0006431,validation
0006432,train
0006433,train
0006434,validation
0006435,train
0006436,validation
0006437,test
0006438,train
0006439,train
0006440,train
0006441,train
0006442,train
0006443,train
0006444,train
0006445,train
0006446,validation
0006447,train
0006448,train
0006449,validation
0006450,train
0006451,train
0006452,validation
0006453,train
0006454,test
0006455,train
0006456,validation
0006457,test
0006458,test
0006459,train
0006460,train
0006461,train
0006463,train
0006464,train
0006465,train
0006466,train
0006467,train
0006468,train
0006469,test
0006470,test
0006471,test
0006472,test
0006473,test
0006474,train
0006475,train
0006476,train
0006477,test
0006478,validation
0006479,train
0006480,train
0006481,validation
0006482,train
0006483,train
0006484,train
0006485,train
0006486,train
0006487,validation
0006488,validation
0006489,train
0006490,train
0006491,train
0006492,train
0006493,train
0006494,test
0006495,train
0006496,train
0006497,train
0006498,test
0006499,train
0006500,test
0006501,train
0006502,test
0006503,train
0006504,train
0006505,test
0006506,train
0006507,test
0006508,test
0006509,train
0006510,test
0006511,validation
0006512,train
0006513,train
0006514,test
0006515,train
0006516,test
0006517,train
0006518,train
0006519,train
0006520,train
0006521,train
0006522,train
0006523,train
0006524,test
0006525,validation
0006526,train
0006527,train
0006528,test
0006529,train
0006530,train
0006531,train
0006532,test
0006533,test
0006534,test
0006535,validation
0006536,validation
0006537,train
0006538,validation
0006539,train
0006540,train
0006541,train
0006542,train
0006543,test
0006544,train
0006545,train
0006546,train
0006547,test
0006548,train
0006549,train
0006550,train
0006551,train
0006552,train
0006553,train
0006554,train
0006555,train
0006556,train
0006557,train
0006558,train
0006559,validation
0006560,train
0006561,test
0006562,train
0006563,train
0006564,train
0006565,train
0006566,train
0006567,validation
0006568,train
0006569,test
0006570,test
0006571,train
0006572,train
0006573,validation
0006574,train
0006575,train
0006576,train
0006577,train
0006578,train
0006579,train
0006580,train
0006581,train
0006582,train
0006583,validation
0006584,validation
0006585,validation
0006586,train
0006587,validation
0006588,test
0006589,train
0006590,train
0006591,test
0006592,train
0006593,test
0006594,train
0006595,train
0006596,validation
0006597,train
0006598,train
0006599,train
0006600,train
0006601,validation
0006602,train
0006603,train
0006604,train
0006605,test
0006606,test
0006607,train
0006608,train
0006609,train
0006610,train
0006611,validation
0006612,test
0006613,train
0006614,test
0006615,validation
0006616,train
0006617,test
0006618,train
0006619,test
0006620,train
0006621,train
0006622,train
0006623,validation
0006624,train
0006625,train
0006626,validation
0006627,validation
0006628,train
0006629,train
0006630,train
0006631,test
0006632,train
0006633,train
0006634,test
0006635,train
0006636,train
0006637,train
0006638,train
0006639,train
0006640,train
0006641,test
0006642,train
0006643,train
0006644,validation
0006645,train
0006646,train
0006647,train
0006648,train
0006649,train
0006650,validation
0006651,train
0006652,train
0006653,train
0006654,train
0006655,train
0006656,train
0006657,test
0006658,validation
0006659,train
0006660,test
0006661,train
0006662,test
0006663,train
0006664,test
0006665,test
0006666,train
0006667,train
0006668,train
0006669,test
0006670,train
0006671,train
0006672,train
0006673,test
0006674,train
0006675,train
0006676,train
0006677,test
0006678,validation
0006679,train
0006680,train
0006681,test
0006682,test
0006683,train
0006684,test
0006685,train
0006686,train
0006687,train
0006688,train
0006689,train
0006690,train
0006691,train
0006692,train
0006693,test
0006694,train
0006695,test
0006696,test
0006697,train
0006698,train
0006699,validation
0006700,validation
0006701,train
0006702,train
0006703,test
0006704,validation
0006705,train
0006706,train
0006707,validation
0006708,train
0006709,train
0006710,train
0006711,train
0006712,train
0006713,train
0006714,train
0006715,train
0006716,train
0006717,train
0006718,train
0006719,train
0006720,train
0006721,train
0006722,train
0006723,validation
0006724,test
0006725,train
0006726,train
0006727,validation
0006728,test
0006729,validation
0006730,train
0006731,test
0006732,validation
0006733,train
0006734,test
0006735,train
0006736,test
0006737,test
0006738,train
0006739,train
0006740,test
0006741,train
0006742,validation
0006743,validation
0006744,test
0006745,validation
0006746,test
0006747,train
0006748,train
0006749,train
0006750,test
0006751,test
0006752,train
0006753,test
0006754,train
0006755,train
0006756,train
0006757,train
0006758,test
0006759,train
0006760,train
0006761,validation
0006762,test
0006763,train
0006764,train
0006765,train
0006766,train
0006767,test
0006768,train
0006769,train
0006770,test
0006771,train
0006772,train
0006773,validation
0006774,train
0006775,train
0006776,validation
0006777,train
0006778,train
0006779,validation
0006780,train
0006781,train
0006782,train
0006783,test
0006784,test
0006785,train
0006786,train
0006787,train
0006788,train
0006789,train
0006790,train
0006791,train
0006792,train
0006793,train
0006794,train
0006795,train
0006796,test
0006797,train
0006798,train
0006799,train
0006800,train
0006801,train
0006802,train
0006803,train
0006804,validation
0006805,train
0006806,train
0006807,validation
0006808,train
0006809,train
0006810,train
0006811,train
0006812,validation
0006813,test
0006814,train
0006815,validation
0006816,train
0006817,train
0006818,validation
0006819,train
0006820,train
0006821,test
0006822,test
0006823,train
0006824,train
0006825,validation
0006826,train
0006827,train
0006828,train
0006829,test
0006830,train
0006831,train
0006832,test
0006833,train
0006834,train
0006835,train
0006836,train
0006837,train
0006838,test
0006839,train
0006840,test
0006841,test
0006842,train
0006843,test
0006844,train
0006845,train
0006846,train
0006847,test
0006848,validation
0006849,test
0006850,test
0006851,train
0006852,train
0006853,test
0006854,train
0006855,validation
0006856,train
0006857,train
0006858,train
0006859,train
0006860,test
0006861,train
0006862,train
0006863,validation
0006864,test
0006865,test
0006866,train
0006867,train
0006868,validation
0006869,train
0006870,train
0006871,test
0006872,train
0006873,validation
0006874,train
0006875,train
0006876,train
0006877,train
0006878,test
0006879,validation
0006880,train
0006881,test
0006882,validation
0006883,train
0006884,train
0006885,train
0006886,validation
0006887,train
0006888,validation
0006889,train
0006890,train
0006891,train
0006892,validation
0006893,train
0006894,train
0006895,validation
0006896,validation
0006897,train
0006898,train
0006899,test
0006900,test
0006901,train
0006902,train
0006903,train
0006904,train
0006905,train
0006906,validation
0006907,train
0006908,validation
0006909,train
0006910,train
0006911,train
0006912,test
0006913,validation
0006914,train
0006915,train
0006916,train
0006917,test
0006918,train
0006919,train
0006920,train
0006921,validation
0006922,train
0006923,train
0006924,train
0006925,train
0006926,test
0006927,test
0006928,train
0006929,test
0006930,train
0006931,train
0006932,test
0006933,train
0006934,train
0006935,train
0006936,train
0006937,test
0006938,train
0006939,train
0006940,train
0006941,test
0006942,train
0006943,train
0006944,test
0006945,train
0006946,train
0006947,validation
0006948,train
0006949,train
0006950,train
0006951,train
0006952,validation
0006953,train
0006954,train
0006955,train
0006956,train
0006957,test
0006958,test
0006959,train
0006960,train
0006961,train
0006962,train
0006963,train
0006964,train
0006965,train
0006966,train
0006967,test
0006968,train
0006969,train
0006970,validation
0006971,train
0006972,test
0006973,train
0006974,train
0006975,test
0006976,train
0006977,train
0006978,validation
0006979,train
0006980,train
0006981,validation
0006982,validation
0006983,test
0006984,train
0006985,train
0006986,validation
0006987,train
0006988,train
0006989,train
0006991,train
0006993,train
0006994,train
0006995,train
0006996,validation
0006997,test
0006998,train
0006999,train
0007000,validation
0007001,train
0007002,test
0007003,validation
0007004,test
0007005,train
0007006,train
0007007,train
0007008,test
0007009,validation
0007010,train
0007011,train
0007012,train
0007013,train
0007014,train
0007015,validation
0007016,validation
0007017,train
0007018,train
0007019,test
0007020,test
0007021,train
0007022,train
0007023,train
0007024,validation
0007025,train
0007026,train
0007027,train
0007028,validation
0007029,train
0007030,train
0007031,train
0007032,train
0007033,train
0007034,test
0007035,train
0007036,train
0007037,train
0007038,train
0007039,train
0007040,train
0007041,train
0007042,train
0007043,test
0007044,train
0007045,validation
0007046,test
0007047,train
0007048,train
0007049,test
0007050,train
0007051,validation
0007052,train
0007053,test
0007054,train
0007055,train
0007056,train
0007057,test
0007058,train
0007059,train
0007060,validation
0007061,test
0007062,train
0007063,train
0007064,train
0007065,train
0007066,train
0007067,train
0007068,train
0007069,train
0007070,validation
0007071,train
0007072,train
0007073,test
0007074,train
0007075,train
0007076,train
0007077,train
0007078,train
0007079,test
0007080,test
0007081,train
0007082,train
0007083,test
0007084,train
0007085,train
0007086,test
0007087,test
0007088,test
0007089,train
0007090,train
0007091,train
0007092,train
0007093,train
0007094,train
0007095,test
0007096,train
0007097,train
0007099,train
0007100,train
0007101,train
0007102,validation
0007103,train
0007104,validation
0007105,test
0007106,test
0007107,test
0007108,train
0007109,train
0007110,validation
0007112,train
0007113,train
0007114,train
0007115,train
0007116,train
0007117,train
0007118,test
0007119,train
0007120,train
0007121,train
0007122,train
0007123,test
0007124,test
0007125,train
0007127,test
0007128,train
0007129,train
0007130,train
0007131,train
0007132,train
0007133,train
0007134,train
0007135,train
0007136,train
0007137,train
0007138,train
0007139,train
0007140,train
0007141,validation
0007142,train
0007143,test
0007144,train
0007145,train
0007146,validation
0007147,validation
0007148,train
0007149,train
0007150,test
0007151,train
0007152,train
0007153,train
0007154,train
0007155,train
0007156,train
0007157,train
0007158,train
0007159,test
0007160,test
0007161,train
0007162,train
0007163,validation
0007164,train
0007165,train
0007166,train
0007167,train
0007168,train
0007169,train
0007170,train
0007171,train
0007172,validation
0007173,validation
0007174,train
0007175,train
0007176,test
0007177,train
0007178,test
0007179,train
0007180,train
0007181,train
0007182,validation
0007183,train
0007184,test
0007185,validation
0007186,train
0007187,train
0007188,train
0007189,test
0007190,validation
0007191,train
0007192,test
0007193,train
0007194,train
0007195,train
0007196,train
0007197,train
0007198,train
0007199,train
0007200,train
0007201,train
0007202,train
0007203,test
0007204,train
0007205,train
0007206,train
0007208,train
0007209,train
0007210,validation
0007211,train
0007212,train
0007213,train
0007214,train
0007215,validation
0007216,test
0007217,train
0007218,train
0007219,train
0007220,train
0007221,test
0007222,validation
0007223,train
0007224,train
0007225,train
0007226,test
0007227,test
0007228,train
0007229,test
0007231,validation
0007232,validation
0007233,validation
0007234,train
0007235,test
0007236,train
0007237,validation
0007238,train
0007239,validation
0007240,test
0007241,validation
0007242,test
0007243,train
0007244,train
0007245,train
0007246,train
0007247,test
0007248,train
0007249,train
0007250,validation
0007251,train
0007252,train
0007253,test
0007254,train
0007255,train
0007256,train
0007257,train
0007258,validation
0007259,train
0007260,train
0007261,test
0007262,validation
0007263,train
0007264,train
0007265,validation
0007266,validation
0007267,train
0007268,train
0007269,test
0007270,test
0007271,train
0007272,train
0007273,train
0007274,test
0007275,train
0007276,validation
0007277,test
0007278,validation
0007279,test
0007280,validation
0007281,train
0007282,train
0007283,validation
0007284,train
0007285,train
0007286,train
0007287,validation
0007288,validation
0007289,validation
0007290,train
0007291,train
0007292,train
0007293,train
0007294,validation
0007295,test
0007296,train
0007297,test
0007298,train
0007299,train
0007300,train
0007301,test
0007302,train
0007303,train
0007304,test
0007305,train
0007306,validation
0007307,test
0007308,validation
0007309,train
0007310,validation
0007311,test
0007312,train
0007313,train
0007314,train
0007315,test
0007316,test
0007317,train
0007318,train
0007319,train
0007320,train
0007321,train
0007322,train
0007323,train
0007324,train
0007325,train
0007326,train
0007327,train
0007328,test
0007329,train
0007330,train
0007331,test
0007332,train
0007333,validation
0007334,train
0007335,test
0007336,train
0007337,train
0007338,train
0007339,train
0007340,test
0007341,train
0007342,train
0007343,train
0007344,train
0007345,train
0007346,test
0007347,train
0007348,train
0007349,test
0007350,train
0007351,train
0007352,train
0007353,test
0007354,train
0007355,test
0007356,validation
0007357,train
0007358,train
0007359,train
0007360,test
0007361,train
0007362,train
0007363,train
0007364,train
0007365,train
0007366,train
0007367,train
0007368,train
0007369,train
0007370,validation
0007371,train
0007372,train
0007373,train
0007374,train
0007375,train
0007376,train
0007377,train
0007378,test
0007379,test
0007380,test
0007381,validation
0007382,validation
0007383,train
0007384,train
0007385,train
0007386,validation
0007387,validation
0007388,test
0007389,validation
0007390,test
0007391,train
0007392,train
0007393,validation
0007394,train
0007395,validation
0007396,train
0007397,test
0007398,train
0007399,train
0007400,train
0007401,test
0007402,test
0007403,train
0007404,test
0007405,train
0007406,train
0007407,train
0007408,train
0007409,test
0007410,train
0007411,test
0007412,validation
0007413,validation
0007414,train
0007415,validation
0007416,train
0007417,test
0007418,train
0007419,validation
0007420,train
0007421,train
0007422,train
0007423,test
0007424,validation
0007425,validation
0007426,train
0007427,train
0007428,train
0007429,test
0007430,test
0007431,test
0007432,validation
0007433,train
0007434,test
0007435,validation
0007436,train
0007437,validation
0007438,train
0007439,validation
0007440,train
0007441,test
0007442,validation
0007443,train
0007444,train
0007445,test
0007446,test
0007447,validation
0007448,test
0007449,test
0007450,test
0007451,train
0007452,train
0007453,validation
0007454,test
0007455,validation
0007456,train
0007457,train
0007458,train
0007459,test
0007460,train
0007461,validation
0007462,train
0007463,test
0007464,validation
0007465,test
0007466,train
0007467,train
0007468,train
0007469,train
0007470,validation
0007471,train
0007472,train
0007473,train
0007474,train
0007475,train
0007476,train
0007477,train
0007478,train
0007479,validation
0007480,train
0007481,train
0007482,test
0007483,train
0007484,train
0007485,train
0007486,train
0007487,test
0007488,train
0007489,train
0007490,train
0007491,train
0007492,test
0007493,train
0007494,train
0007495,train
0007496,validation
0007497,train
0007498,train
0007499,train
0007500,train
0007501,train
0007502,test
0007503,train
0007504,train
0007505,test
0007506,validation
0007507,train
0007508,train
0007509,train
0007510,train
0007511,train
0007512,validation
0007513,train
0007514,train
0007515,train
0007516,train
0007517,test
0007518,train
0007519,test
0007520,validation
0007521,train
0007522,train
0007523,train
0007524,train
0007525,train
0007526,test
0007527,train
0007528,train
0007529,validation
0007531,test
0007532,train
0007533,validation
0007534,test
0007535,train
0007536,train
0007537,test
0007538,validation
0007539,test
0007540,validation
0007541,test
0007542,train
0007543,train
0007544,train
0007545,train
0007546,train
0007547,train
0007548,train
0007549,test
0007550,train
0007551,train
0007552,test
0007553,test
0007554,train
0007555,train
0007556,train
0007557,train
0007558,train
0007559,train
0007560,train
0007561,validation
0007562,validation
0007563,validation
0007564,train
0007565,train
0007566,train
0007567,validation
0007568,train
0007570,train
0007571,test
0007572,train
0007573,train
0007574,train
0007575,train
0007576,validation
0007577,test
0007578,train
0007579,train
0007580,train
0007581,validation
0007582,test
0007583,test
0007584,train
0007585,validation
0007586,validation
0007587,train
0007588,train
0007589,train
0007590,train
0007591,validation
0007592,train
0007593,test
0007594,train
0007595,validation
0007596,train
0007597,train
0007598,test
0007599,validation
0007600,train
0007601,test
0007602,train
0007603,train
0007604,train
0007605,train
0007606,test
0007607,train
0007608,test
0007609,train
0007610,test
0007611,test
0007612,train
0007613,test
0007614,test
0007615,train
0007616,train
0007617,train
0007618,train
0007619,train
0007620,validation
0007621,train
0007622,train
0007623,test
0007624,validation
0007625,train
0007626,train
0007627,train
0007628,train
0007629,train
0007630,train
0007631,validation
0007632,train
0007633,validation
0007634,validation
0007635,train
0007636,train
0007637,train
0007638,test
0007639,test
0007640,train
0007641,train
0007642,train
0007643,validation
0007644,validation
0007645,train
0007646,test
0007647,test
0007648,test
0007649,train
0007650,train
0007651,validation
0007652,train
0007653,train
0007654,train
0007655,train
0007656,train
0007657,validation
0007658,train
0007659,validation
0007660,train
0007662,train
0007663,validation
0007664,train
0007665,train
0007666,validation
0007667,test
0007668,train
0007669,train
0007670,train
0007671,train
0007672,train
0007673,train
0007674,train
0007675,validation
0007676,train
0007677,test
0007678,validation
0007679,train
0007680,test
0007681,train
0007682,train
0007683,train
0007684,train
0007685,train
0007686,train
0007687,train
0007688,train
0007689,train
0007690,test
0007691,train
0007692,train
0007693,train
0007694,validation
0007695,validation
0007696,train
0007697,train
0007698,test
0007699,train
0007700,train
0007701,test
0007702,test
0007703,train
0007704,train
0007705,train
0007706,validation
0007707,train
0007708,train
0007709,train
0007710,train
0007711,validation
0007712,train
0007713,train
0007714,train
0007715,train
0007716,train
0007717,train
0007718,train
0007719,train
0007720,train
0007721,test
0007722,validation
0007723,train
0007724,train
0007725,train
0007726,train
0007727,validation
0007728,train
0007729,train
0007730,train
0007731,train
0007732,test
0007733,train
0007734,train
0007735,train
0007736,train
0007737,train
0007738,train
0007739,train
0007740,train
0007741,test
0007742,validation
0007743,train
0007744,validation
0007745,train
0007746,train
0007747,validation
0007748,test
0007749,test
0007750,validation
0007751,train
0007752,train
0007753,train
0007754,validation
0007755,train
0007756,test
0007757,train
0007758,train
0007759,test
0007760,train
0007761,train
0007762,test
0007763,train
0007764,train
0007765,test
0007766,validation
0007767,train
0007768,test
0007769,train
0007770,train
0007771,test
0007772,train
0007773,test
0007774,validation
0007775,validation
0007776,test
0007777,test
0007778,test
0007779,validation
0007780,test
0007781,validation
0007782,train
0007783,validation
0007784,train
0007785,test
0007786,test
0007787,validation
0007788,train
0007789,train
0007790,test
0007791,test
0007792,train
0007793,validation
0007794,test
0007795,train
0007796,train
0007797,train
0007798,train
0007799,train
0007800,train
0007801,train
0007802,test
0007803,train
0007804,train
0007805,train
0007806,train
0007807,train
0007808,train
0007809,train
0007810,train
0007811,train
0007812,validation
0007813,test
0007814,train
0007815,train
0007816,train
0007817,train
0007818,validation
0007819,train
0007820,validation
0007821,validation
0007822,train
0007823,train
0007824,test
0007825,train
0007826,validation
0007827,train
0007828,test
0007829,test
0007830,test
0007831,train
0007832,train
0007833,train
0007834,validation
0007835,train
0007836,train
0007837,train
0007838,test
0007839,train
0007840,test
0007841,test
0007842,train
0007843,test
0007844,test
0007845,test
0007846,validation
0007847,validation
0007848,train
0007849,train
0007850,train
0007851,train
0007852,test
0007853,train
0007854,train
0007855,test
0007856,train
0007857,train
0007858,train
0007859,train
0007860,train
0007861,validation
0007862,test
0007863,validation
0007864,validation
0007865,train
0007866,test
0007867,train
0007868,test
0007869,train
0007870,validation
0007871,train
0007872,train
0007873,train
0007874,validation
0007875,train
0007876,validation
0007877,train
0007878,train
0007879,train
0007880,train
0007881,train
0007882,validation
0007883,train
0007884,train
0007885,test
0007886,validation
0007887,train
0007888,train
0007889,validation
0007890,train
0007891,train
0007892,validation
0007893,train
0007894,validation
0007895,test
0007896,train
0007897,test
0007898,test
0007899,validation
0007900,train
0007901,train
0007902,train
0007903,train
0007904,train
0007905,train
0007906,train
0007907,validation
0007908,train
0007909,test
0007910,train
0007911,train
0007912,validation
0007913,train
0007914,train
0007915,train
0007916,train
0007917,train
0007918,validation
0007919,train
0007920,train
0007921,validation
0007922,train
0007923,validation
0007924,train
0007925,validation
0007926,train
0007927,validation
0007928,train
0007929,test
0007930,train
0007931,test
0007932,train
0007933,train
0007934,train
0007935,train
0007936,test
0007937,train
0007938,train
0007939,test
0007940,train
0007941,validation
0007942,train
0007943,train
0007944,train
0007945,train
0007946,test
0007947,train
0007948,validation
0007949,train
0007950,train
0007951,test
0007952,train
0007953,train
0007954,train
0007955,train
0007956,test
0007957,test
0007958,train
0007959,test
0007960,train
0007961,train
0007962,train
0007963,test
0007964,validation
0007965,train
0007966,train
0007967,train
0007968,train
0007969,validation
0007970,train
0007971,train
0007972,validation
0007973,train
0007974,train
0007975,train
0007976,test
0007977,train
0007978,train
0007979,train
0007980,validation
0007981,validation
0007982,validation
0007983,train
0007984,train
0007985,validation
0007986,train
0007987,test
0007988,train
0007989,validation
0007990,train
0007991,train
0007992,train
0007993,train
0007994,train
0007995,test
0007996,train
0007997,train
0007998,train
0007999,train
0008000,train
0008001,train
0008002,test
0008003,validation
0008004,test
0008005,train
0008006,test
0008007,test
0008008,train
0008009,train
0008010,train
0008011,test
0008012,train
0008013,train
0008014,train
0008015,train
0008016,test
0008017,validation
0008018,train
0008019,test
0008020,train
0008021,test
0008022,validation
0008023,train
0008024,validation
0008025,train
0008026,train
0008027,train
0008028,validation
0008029,train
0008030,train
0008031,train
0008032,train
0008033,test
0008034,train
0008035,train
0008036,train
0008037,train
0008038,train
0008039,train
0008040,train
0008041,train
0008042,test
0008043,validation
0008044,train
0008045,test
0008046,train
0008047,train
0008048,test
0008049,train
0008050,train
0008051,validation
0008052,train
0008053,train
0008054,train
0008055,test
0008056,train
0008057,test
0008058,train
0008059,train
0008060,validation
0008061,test
0008062,train
0008063,test
0008064,train
0008065,train
0008066,train
0008067,test
0008068,train
0008069,train
0008070,validation
0008071,train
0008072,validation
0008073,train
0008074,validation
0008075,train
0008076,train
0008077,validation
0008078,validation
0008079,validation
0008080,train
0008081,train
0008082,train
0008083,train
0008084,validation
0008085,validation
0008086,test
0008087,train
0008088,train
0008089,train
0008090,train
0008091,train
0008092,test
0008093,train
0008094,train
0008095,test
0008096,train
0008097,validation
0008098,train
0008099,train
0008100,train
0008101,train
0008102,train
0008103,train
0008104,train
0008105,test
0008106,train
0008107,test
0008108,train
0008109,validation
0008110,test
0008111,test
0008112,train
0008113,validation
0008114,test
0008115,validation
0008116,validation
0008117,train
0008118,train
0008119,train
0008120,train
0008121,train
0008122,train
0008123,test
0008124,train
0008125,validation
0008126,train
0008127,train
0008128,train
0008129,train
0008130,train
0008131,train
0008132,train
0008133,test
0008134,test
0008135,train
0008136,train
0008137,train
0008138,test
0008139,train
0008140,train
0008141,validation
0008142,test
0008143,train
0008144,validation
0008145,test
0008146,train
0008147,test
0008148,train
0008149,train
0008150,train
0008151,validation
0008152,train
0008153,train
0008154,validation
0008155,validation
0008156,train
0008157,test
0008158,test
0008159,validation
0008160,validation
0008161,train
0008162,test
0008163,train
0008164,train
0008165,train
0008166,test
0008167,validation
0008168,train
0008169,train
0008170,train
0008171,train
0008172,train
0008173,train
0008174,validation
0008175,train
0008176,validation
0008177,validation
0008178,validation
0008179,train
0008180,test
0008181,test
0008182,train
0008183,train
0008184,train
0008185,train
0008186,train
0008187,validation
0008188,train
0008189,train
0008190,test
0008191,train
0008192,test
0008193,train
0008194,train
0008195,validation
0008196,train
0008197,train
0008198,train
0008199,test
0008200,train
0008201,validation
0008202,train
0008203,test
0008204,train
0008205,test
0008206,test
0008207,train
0008208,test
0008209,validation
0008210,train
0008211,train
0008212,train
0008213,train
0008214,test
0008215,train
0008216,train
0008217,train
0008218,test
0008219,validation
0008220,train
0008221,test
0008222,validation
0008223,train
0008224,validation
0008225,train
0008226,test
0008227,train
0008228,test
0008229,train
0008230,train
0008231,train
0008232,train
0008233,train
0008234,train
0008235,train
0008236,train
0008237,train
0008238,validation
0008239,train
0008240,train
0008241,train
0008242,train
0008243,validation
0008244,test
0008245,test
0008246,train
0008247,train
0008248,train
0008249,validation
0008250,validation
0008251,validation
0008252,test
0008253,train
0008254,train
0008255,train
0008256,train
0008257,train
0008258,test
0008259,validation
0008260,validation
0008261,test
0008262,train
0008263,test
0008264,validation
0008265,train
0008266,train
0008267,train
0008268,test
0008269,train
0008270,test
0008271,validation
0008272,train
0008273,test
0008274,train
0008275,test
0008276,test
0008277,train
0008278,validation
0008279,train
0008280,train
0008281,train
0008282,train
0008283,train
0008284,validation
0008285,train
0008286,train
0008287,validation
0008288,train
0008289,train
0008290,train
0008291,validation
0008292,test
0008293,train
0008294,train
0008295,train
0008296,test
0008297,train
0008299,test
0008300,validation
0008301,validation
0008302,train
0008303,test
0008304,test
0008305,train
0008306,train
0008307,validation
0008308,train
0008309,test
0008310,train
0008311,validation
0008312,train
0008313,test
0008314,train
0008315,test
0008316,test
0008317,validation
0008318,test
0008319,train
0008320,train
0008321,train
0008322,test
0008323,test
0008324,train
0008325,test
0008326,train
0008327,test
0008328,validation
0008329,test
0008330,train
0008331,train
0008332,train
0008333,train
0008334,test
0008335,train
0008336,train
0008337,test
0008338,test
0008339,validation
0008340,test
0008341,train
0008342,train
0008343,train
0008344,train
0008345,train
0008346,train
0008347,train
0008348,train
0008349,validation
0008350,train
0008351,train
0008352,test
0008353,test
0008354,validation
0008355,train
0008356,train
0008357,train
0008358,train
0008359,train
0008360,train
0008361,test
0008362,train
0008363,test
0008364,train
0008365,test
0008366,train
0008367,validation
0008368,train
0008369,validation
0008370,train
0008371,test
0008372,train
0008373,validation
0008374,train
0008375,train
0008376,train
0008377,train
0008378,validation
0008379,train
0008380,train
0008381,test
0008382,validation
0008383,test
0008384,test
0008385,train
0008386,test
0008387,train
0008388,test
0008389,test
0008390,train
0008391,train
0008392,train
0008393,train
0008394,train
0008395,train
0008396,test
0008397,validation
0008398,test
0008399,train
0008400,train
0008401,train
0008402,train
0008403,train
0008404,test
0008405,test
0008406,test
0008407,train
0008408,train
0008409,train
0008410,train
0008411,validation
0008412,train
0008413,train
0008414,validation
0008415,train
0008416,validation
0008417,train
0008418,test
0008419,train
0008420,train
0008421,test
0008422,validation
0008423,train
0008424,train
0008425,train
0008426,train
0008427,train
0008428,test
0008429,train
0008430,train
0008431,train
0008432,test
0008433,train
0008434,validation
0008435,train
0008436,train
0008437,train
0008438,test
0008439,test
0008440,test
0008441,train
0008442,train
0008443,test
0008444,train
0008445,train
0008446,train
0008447,test
0008448,validation
0008449,validation
0008450,validation
0008451,train
0008452,train
0008453,test
0008454,test
0008455,train
0008456,train
0008457,train
0008458,train
0008459,test
0008460,train
0008461,train
0008462,test
0008463,train
0008464,validation
0008465,test
0008466,train
0008467,train
0008468,train
0008469,train
0008470,validation
0008471,train
0008472,train
0008473,validation
0008474,test
0008475,train
0008476,train
0008478,test
0008479,train
0008480,train
0008481,train
0008482,train
0008483,train
0008484,test
0008485,train
0008486,train
0008487,validation
0008488,train
0008489,test
0008490,train
0008491,test
0008492,train
0008493,validation
0008494,test
0008495,train
0008496,test
0008497,train
0008498,train
0008499,train
0008500,train
0008501,validation
0008502,test
0008503,validation
0008504,train
0008505,train
0008506,train
0008507,validation
0008508,validation
0008509,train
0008510,test
0008511,train
0008512,test
0008513,train
0008514,train
0008515,train
0008516,validation
0008517,train
0008518,test
0008519,test
0008520,train
0008521,train
0008522,test
0008523,train
0008524,train
0008525,train
0008526,validation
0008527,train
0008528,train
0008529,train
0008530,train
0008531,validation
0008532,train
0008533,train
0008534,test
0008535,train
0008536,train
0008537,train
0008538,train
0008539,train
0008540,test
0008541,train
0008542,validation
0008543,test
0008544,train
0008545,train
0008546,train
0008547,test
0008548,train
0008549,test
0008550,validation
0008551,train
0008552,train
0008553,train
0008554,test
0008555,test
0008556,train
0008557,train
0008558,train
0008559,test
0008560,train
0008561,train
0008562,test
0008563,validation
0008564,validation
0008565,train
0008566,train
0008567,validation
0008568,train
0008569,validation
0008570,train
0008571,train
0008572,validation
0008573,test
0008574,train
0008575,train
0008576,validation
0008577,train
0008578,train
0008579,train
0008580,train
0008581,train
0008582,validation
0008583,test
0008584,train
0008585,validation
0008586,validation
0008587,validation
0008588,train
0008589,test
0008590,train
0008591,train
0008592,test
0008593,test
0008594,train
0008595,train
0008596,test
0008597,train
0008598,train
0008599,train
0008600,train
0008601,validation
0008602,validation
0008603,train
0008604,train
0008605,train
0008606,train
0008607,validation
0008608,validation
0008609,train
0008610,test
0008611,train
0008612,train
0008613,train
0008614,train
0008615,train
0008616,validation
0008617,test
0008618,train
0008619,train
0008620,validation
0008621,train
0008622,train
0008623,train
0008624,validation
0008625,validation
0008626,train
0008627,train
0008628,train
0008629,train
0008630,train
0008631,validation
0008632,train
0008633,test
0008634,train
0008635,train
0008636,test
0008637,test
0008638,train
0008639,train
0008640,test
0008641,train
0008642,train
0008643,train
0008644,train
0008645,train
0008646,validation
0008647,train
0008648,train
0008649,validation
0008650,validation
0008651,train
0008652,train
0008653,train
0008654,train
0008655,train
0008656,train
0008657,test
0008658,train
0008659,train
0008660,test
0008661,train
0008662,train
0008663,train
0008664,validation
0008665,train
0008666,test
0008667,validation
0008668,train
0008669,train
0008670,train
0008671,test
0008672,train
0008673,train
0008674,train
0008675,train
0008676,validation
0008677,test
0008678,validation
0008679,train
0008680,train
0008681,test
0008682,validation
0008683,train
0008684,train
0008685,train
0008686,train
0008687,train
0008688,train
0008689,train
0008690,train
0008691,test
0008692,train
0008693,train
0008694,test
0008695,train
0008696,train
0008697,test
0008698,train
0008699,train
0008700,train
0008701,test
0008702,train
0008703,train
0008704,train
0008705,train
0008706,test
0008707,train
0008708,train
0008709,train
0008710,train
0008711,train
0008712,train
0008713,test
0008714,train
0008715,train
0008716,train
0008717,train
0008718,train
0008719,train
0008720,validation
0008721,test
0008722,test
0008723,validation
0008724,train
0008725,train
0008726,train
0008727,train
0008728,train
0008729,test
0008730,train
0008731,validation
0008732,test
0008733,train
0008734,train
0008735,train
0008736,test
0008737,test
0008738,test
0008739,train
0008740,train
0008741,validation
0008742,test
0008743,train
0008744,test
0008745,validation
0008746,train
0008747,train
0008748,train
0008749,train
0008750,train
0008751,train
0008752,test
0008753,test
0008754,train
0008755,test
0008756,validation
0008757,test
0008758,validation
0008759,train
0008760,train
0008761,train
0008762,train
0008763,validation
0008764,test
0008765,validation
0008766,test
0008767,train
0008768,test
0008769,train
0008770,train
0008771,train
0008772,test
0008773,test
0008774,train
0008775,train
0008776,train
0008777,train
0008778,validation
0008779,train
0008780,train
0008781,train
0008782,train
0008783,train
0008784,train
0008785,train
0008786,train
0008787,train
0008788,train
0008789,train
0008790,train
0008791,train
0008792,train
0008793,train
0008794,train
0008795,test
0008796,test
0008797,train
0008798,test
0008799,train
0008800,train
0008801,train
0008802,train
0008803,validation
0008804,train
0008805,train
0008806,train
0008807,train
0008808,train
0008809,train
0008810,train
0008811,test
0008812,train
0008813,validation
0008814,test
0008815,train
0008816,validation
0008817,train
0008818,train
0008819,train
0008820,train
0008821,train
0008822,test
0008823,train
0008824,train
0008825,train
0008826,train
0008827,train
0008828,train
0008829,train
0008830,train
0008831,train
0008832,train
0008833,train
0008834,train
0008835,test
0008836,validation
0008837,validation
0008838,train
0008839,validation
0008840,test
0008841,train
0008842,validation
0008843,train
0008844,train
0008845,train
0008846,train
0008847,train
0008848,test
0008849,validation
0008850,test
0008851,test
0008852,train
0008853,test
0008854,train
0008855,test
0008856,test
0008857,test
0008858,test
0008859,train
0008860,train
0008861,train
0008862,train
0008863,validation
0008864,train
0008865,train
0008866,train
0008867,train
0008868,validation
0008869,train
0008870,validation
0008871,train
0008872,test
0008873,train
0008874,test
0008875,train
0008876,train
0008877,test
0008878,train
0008879,test
0008880,train
0008881,validation
0008882,train
0008883,train
0008884,train
0008885,train
0008886,test
0008887,train
0008888,train
0008889,train
0008890,train
0008891,train
0008892,train
0008893,train
0008894,train
0008895,validation
0008896,train
0008897,validation
0008898,train
0008899,test
0008900,test
0008901,test
0008902,train
0008903,train
0008904,validation
0008905,train
0008906,train
0008907,train
0008908,validation
0008909,train
0008910,test
0008911,train
0008912,train
0008913,train
0008914,train
0008915,train
0008916,train
0008917,test
0008918,train
0008919,train
0008920,train
0008921,validation
0008922,validation
0008923,train
0008924,train
0008925,test
0008926,train
0008927,train
0008928,validation
0008929,train
0008930,validation
0008931,train
0008932,test
0008933,test
0008934,train
0008935,test
0008936,test
0008937,train
0008938,train
0008939,validation
0008940,train
0008941,test
0008942,test
0008943,validation
0008944,train
0008945,train
0008946,train
0008947,train
0008948,train
0008949,train
0008951,train
0008952,train
0008953,train
0008954,train
0008955,test
0008956,train
0008957,test
0008958,validation
0008959,validation
0008960,test
0008961,test
0008962,train
0008963,train
0008964,test
0008965,train
0008966,validation
0008967,train
0008968,train
0008969,train
0008970,test
0008971,train
0008972,train
0008973,train
0008974,train
0008975,train
0008976,train
0008977,test
0008978,train
0008979,train
0008980,train
0008981,test
0008982,train
0008983,train
0008984,train
0008985,train
0008986,test
0008987,train
0008988,test
0008989,test
0008990,validation
0008991,train
0008992,test
0008993,test
0008994,train
0008995,train
0008996,test
0008997,train
0008998,validation
0008999,train
0009000,train
0009001,test
0009002,train
0009003,test
0009004,train
0009005,train
0009006,train
0009007,train
0009008,train
0009009,train
0009010,train
0009011,train
0009012,validation
0009013,train
0009014,train
0009015,train
0009016,test
0009017,train
0009018,validation
0009019,train
0009020,train
0009021,train
0009022,train
0009023,test
0009024,train
0009025,train
0009026,validation
0009027,train
0009028,validation
0009029,validation
0009030,train
0009031,train
0009032,test
0009033,train
0009034,train
0009035,validation
0009036,validation
0009037,validation
0009038,train
0009039,train
0009040,train
0009041,train
0009042,train
0009043,train
0009044,test
0009045,train
0009046,train
0009047,test
0009048,test
0009049,train
0009050,train
0009051,train
0009052,train
0009053,test
0009054,validation
0009055,train
0009056,train
0009057,test
0009058,test
0009059,train
0009060,test
0009061,train
0009062,train
0009063,train
0009064,train
0009065,train
0009066,train
0009067,train
0009068,train
0009069,train
0009070,test
0009071,train
0009072,test
0009073,test
0009074,train
0009075,train
0009076,validation
0009077,test
0009078,test
0009079,validation
0009080,train
0009081,train
0009082,test
0009083,train
0009084,train
0009085,train
0009086,train
0009087,test
0009088,train
0009089,validation
0009090,train
0009091,train
0009092,train
0009093,test
0009094,test
0009095,train
0009096,train
0009097,train
0009098,train
0009099,train
0009100,train
0009101,train
0009102,validation
0009103,train
0009104,train
0009105,train
0009106,test
0009107,train
0009108,train
0009109,validation
0009110,train
0009111,train
0009112,train
0009113,test
0009114,test
0009115,train
0009116,validation
0009117,train
0009118,train
0009119,train
0009120,train
0009121,test
0009122,train
0009123,validation
0009124,train
0009125,train
0009126,test
0009127,validation
0009128,validation
0009129,train
0009130,train
0009131,train
0009132,test
0009133,train
0009134,train
0009135,train
0009136,test
0009137,train
0009138,train
0009139,train
0009140,test
0009141,validation
0009142,train
0009143,train
0009144,test
0009145,train
0009146,train
0009147,test
0009148,train
0009149,train
0009150,train
0009151,train
0009152,train
0009153,train
0009154,validation
0009155,train
0009156,validation
0009157,train
0009158,train
0009159,train
0009160,train
0009161,train
0009162,train
0009163,train
0009164,train
0009165,train
0009166,train
0009167,train
0009168,validation
0009169,train
0009170,train
0009171,train
0009172,train
0009173,train
0009174,train
0009175,train
0009176,test
0009177,train
0009178,train
0009179,train
0009180,train
0009181,train
0009182,train
0009183,train
0009184,test
0009185,train
0009186,test
0009187,validation
0009188,train
0009189,train
0009190,validation
0009191,train
0009192,train
0009193,validation
0009194,train
0009195,train
0009196,test
0009197,validation
0009198,test
0009199,train
0009200,test
0009201,train
0009202,train
0009203,train
0009204,test
0009205,train
0009206,test
0009207,train
0009208,validation
0009209,train
0009210,train
0009211,train
0009212,train
0009213,train
0009214,train
0009215,test
0009216,train
0009217,train
0009218,train
0009219,train
0009220,test
0009221,train
0009222,train
0009223,train
0009224,validation
0009225,train
0009226,train
0009227,test
0009228,train
0009229,validation
0009230,test
0009231,validation
0009232,validation
0009233,train
0009234,train
0009235,validation
0009236,train
0009237,train
0009238,train
0009239,train
0009240,train
0009241,test
0009242,train
0009243,test
0009244,train
0009245,test
0009246,train
0009247,train
0009248,train
0009249,train
0009250,train
0009251,validation
0009252,train
0009253,train
0009254,train
0009255,train
0009256,train
0009257,train
0009258,test
0009259,test
0009260,test
0009261,train
0009262,validation
0009263,validation
0009264,test
0009265,train
0009266,train
0009267,train
0009268,train
0009269,train
0009270,validation
0009271,train
0009272,train
0009273,test
0009274,train
0009275,validation
0009276,validation
0009277,train
0009278,train
0009279,validation
0009280,train
0009281,test
0009282,train
0009283,train
0009284,train
0009285,test
0009286,train
0009287,train
0009288,test
0009289,train
0009290,train
0009291,test
0009292,validation
0009293,train
0009294,validation
0009295,test
0009296,validation
0009297,train
0009298,train
0009299,train
0009300,train
0009301,train
0009302,train
0009303,train
0009304,train
0009305,train
0009306,validation
0009307,train
0009308,test
0009309,test
0009310,train
0009311,train
0009312,train
0009313,train
0009314,train
0009315,test
0009316,train
0009317,train
0009318,train
0009319,train
0009320,test
0009321,train
0009322,validation
0009323,test
0009324,validation
0009325,train
0009326,test
0009327,train
0009328,validation
0009329,test
0009330,validation
0009331,train
0009332,test
0009333,train
0009334,validation
0009335,validation
0009336,train
0009337,test
0009338,test
0009339,validation
0009340,validation
0009341,train
0009342,test
0009343,train
0009344,validation
0009345,validation
0009346,train
0009347,test
0009348,validation
0009349,train
0009350,train
0009351,train
0009352,train
0009353,train
0009354,test
0009355,validation
0009356,train
0009357,validation
0009358,test
0009359,train
0009360,train
0009361,validation
0009362,train
0009363,train
0009364,test
0009365,train
0009366,train
0009367,train
0009368,train
0009369,test
0009370,train
0009371,train
0009372,train
0009373,validation
0009374,train
0009375,test
0009376,train
0009377,validation
0009378,test
0009379,validation
0009380,validation
0009381,train
0009382,validation
0009383,test
0009384,test
0009385,train
0009386,test
0009387,train
0009388,train
0009389,train
0009390,test
0009391,test
0009392,train
0009393,test
0009394,validation
0009395,train
0009396,train
0009397,train
0009398,train
0009399,validation
0009400,train
0009401,test
0009402,train
0009403,train
0009404,train
0009405,train
0009406,train
0009407,test
0009408,train
0009409,train
0009410,validation
0009411,train
0009412,validation
0009413,test
0009414,test
0009415,test
0009416,train
0009417,train
0009418,test
0009419,test
0009420,train
0009421,train
0009422,test
0009423,train
0009424,train
0009425,train
0009426,validation
0009427,validation
0009428,train
0009429,validation
0009430,test
0009431,train
0009432,train
0009433,train
0009434,test
0009435,test
0009436,test
0009437,train
0009438,train
0009439,train
0009440,train
0009441,validation
0009442,train
0009443,validation
0009444,train
0009445,train
0009446,train
0009447,train
0009448,test
0009449,validation
0009450,train
0009451,train
0009452,test
0009453,train
0009454,train
0009455,test
0009456,train
0009457,train
0009458,train
0009459,train
0009460,validation
0009461,train
0009462,train
0009463,train
0009464,train
0009465,train
0009466,validation
0009467,train
0009468,validation
0009469,train
0009470,train
0009471,train
0009472,train
0009473,test
0009474,train
0009475,train
0009476,train
0009477,train
0009478,train
0009479,validation
0009480,train
0009481,train
0009482,train
0009483,train
0009484,train
0009485,test
0009486,train
0009487,train
0009488,train
0009489,train
0009490,validation
0009491,train
0009492,train
0009493,train
0009494,train
0009495,test
0009496,test
0009497,train
0009498,train
0009499,train
0009500,train
0009501,train
0009502,test
0009503,test
0009504,train
0009505,train
0009506,test
0009507,train
0009508,train
0009509,train
0009510,train
0009511,train
0009512,train
0009513,validation
0009514,test
0009515,train
0009516,validation
0009517,test
0009518,train
0009519,validation
0009520,train
0009521,train
0009522,validation
0009523,validation
0009524,train
0009525,train
0009526,train
0009527,validation
0009528,train
0009529,validation
0009530,train
0009531,validation
0009532,test
0009533,train
0009534,train
0009535,test
0009536,train
0009537,validation
0009538,train
0009539,test
0009540,test
0009541,test
0009542,test
0009543,train
0009544,validation
0009545,train
0009546,train
0009547,validation
0009548,train
0009549,train
0009550,validation
0009551,train
0009552,train
0009553,test
0009554,train
0009555,test
0009556,train
0009557,validation
0009558,train
0009559,validation
0009560,train
0009561,train
0009562,test
0009563,test
0009564,train
0009565,train
0009566,train
0009567,train
0009568,validation
0009569,train
0009570,test
0009571,train
0009572,test
0009573,train
0009574,validation
0009575,train
0009576,train
0009577,train
0009578,validation
0009579,train
0009580,train
0009581,train
0009582,train
0009583,test
0009584,validation
0009585,train
0009586,validation
0009587,train
0009588,train
0009589,train
0009590,train
0009591,validation
0009592,validation
0009593,train
0009594,test
0009595,test
0009596,validation
0009597,train
0009598,train
0009599,test
0009600,validation
0009601,validation
0009602,test
0009603,train
0009604,validation
0009605,train
0009606,train
0009607,train
0009608,train
0009609,test
0009610,train
0009611,validation
0009612,validation
0009613,train
0009614,train
0009615,validation
0009616,train
0009617,train
0009618,train
0009619,validation
0009620,train
0009621,test
0009622,train
0009623,train
0009624,validation
0009625,train
0009626,train
0009627,validation
0009628,train
0009629,test
0009630,train
0009631,test
0009632,test
0009633,train
0009634,train
0009635,train
0009636,train
0009637,test
0009638,train
0009639,validation
0009640,train
0009641,train
0009642,test
0009643,test
0009644,test
0009645,train
0009646,train
0009647,train
0009648,train
0009649,train
0009650,validation
0009651,train
0009652,train
0009653,test
0009654,train
0009655,train
0009656,train
0009657,validation
0009658,train
0009659,train
0009660,train
0009661,validation
0009662,train
0009663,train
0009664,test
0009665,validation
0009666,test
0009667,validation
0009668,train
0009669,train
0009670,test
0009671,train
0009672,train
0009673,train
0009674,train
0009675,test
0009676,validation
0009677,train
0009678,train
0009679,test
0009680,train
0009681,train
0009682,train
0009683,validation
0009684,train
0009685,train
0009686,train
0009687,validation
0009688,train
0009689,train
0009690,train
0009691,train
0009692,train
0009693,test
0009694,train
0009695,test
0009696,train
0009697,validation
0009698,train
0009699,test
0009700,test
0009701,train
0009702,train
0009703,train
0009704,validation
0009705,train
0009706,validation
0009707,train
0009708,validation
0009709,train
0009710,train
0009711,train
0009712,test
0009713,test
0009714,train
0009715,train
0009716,validation
0009717,test
0009718,train
0009719,test
0009720,train
0009721,train
0009722,validation
0009723,test
0009724,validation
0009725,validation
0009726,validation
0009727,validation
0009728,train
0009729,validation
0009730,test
0009731,train
0009732,validation
0009733,train
0009734,train
0009735,train
0009736,train
0009737,train
0009738,train
0009739,train
0009740,train
0009741,test
0009742,train
0009743,validation
0009744,train
0009745,validation
0009746,test
0009747,test
0009748,test
0009749,train
0009750,validation
0009751,train
0009752,train
0009753,validation
0009754,train
0009755,train
0009756,train
0009757,train
0009758,train
0009759,train
0009760,train
0009761,test
0009762,validation
0009763,train
0009764,test
0009765,train
0009766,train
0009767,train
0009768,train
0009769,train
0009770,train
0009771,test
0009772,train
0009773,test
0009774,test
0009775,train
0009776,train
0009777,test
0009778,train
0009779,test
0009780,train
0009781,train
0009782,test
0009783,train
0009784,train
0009785,validation
0009786,train
0009787,train
0009788,train
0009789,train
0009790,train
0009791,train
0009792,train
0009793,train
0009794,test
0009795,validation
0009796,train
0009797,train
0009798,train
0009799,train
0009800,test
0009801,test
0009802,test
0009803,validation
0009804,train
0009805,test
0009806,train
0009807,train
0009808,train
0009809,test
0009810,test
0009811,train
0009812,train
0009813,train
0009814,train
0009815,train
0009816,train
0009817,train
0009818,train
0009819,train
0009820,train
0009821,train
0009822,train
0009823,train
0009824,train
0009825,train
0009826,train
0009827,train
0009828,validation
0009829,test
0009830,train
0009831,test
0009832,train
0009833,test
0009834,train
0009835,test
0009836,train
0009837,test
0009838,train
0009839,train
0009840,test
0009841,train
0009842,test
0009843,validation
0009844,train
0009845,test
0009846,test
0009847,train
0009848,train
0009849,train
0009850,train
0009851,validation
0009852,validation
0009853,test
0009854,train
0009855,train
0009856,train
0009857,train
0009858,train
0009859,train
0009860,train
0009861,train
0009862,train
0009863,train
0009864,train
0009865,validation
0009866,train
0009867,train
0009868,train
0009869,train
0009870,train
0009871,test
0009872,train
0009873,train
0009874,train
0009875,train
0009876,train
0009877,train
0009878,validation
0009879,validation
0009880,validation
0009881,train
0009882,train
0009883,test
0009884,train
0009885,train
0009886,train
0009887,train
0009888,train
0009889,test
0009890,train
0009891,validation
0009892,train
0009893,train
0009894,test
0009895,validation
0009896,train
0009897,train
0009898,train
0009899,train
0009900,validation
0009901,train
0009902,test
0009903,train
0009904,train
0009905,test
0009906,train
0009907,test
0009908,validation
0009909,validation
0009910,train
0009911,train
0009912,train
0009913,train
0009914,test
0009915,validation
0009916,test
0009917,train
0009918,test
0009919,test
0009920,train
0009921,validation
0009922,train
0009923,train
0009924,train
0009925,train
0009926,train
0009927,test
0009928,train
0009929,train
0009930,train
0009931,train
0009932,train
0009933,validation
0009934,train
0009935,train
0009936,train
0009937,train
0009938,train
0009939,train
0009940,validation
0009941,train
0009942,train
0009943,train
0009944,train
0009945,train
0009946,train
0009947,test
0009948,validation
0009949,validation
0009950,train
0009951,validation
0009952,train
0009953,train
0009954,test
0009955,train
0009956,train
0009957,train
0009958,train
0009959,test
0009960,train
0009961,train
0009962,test
0009963,train
0009964,test
0009965,test
0009966,validation
0009967,train
0009968,train
0009969,train
0009970,train
0009971,train
0009972,validation
0009973,train
0009974,test
0009975,test
0009976,train
0009977,train
0009978,validation
0009979,test
0009980,train
0009981,train
0009982,test
0009983,train
0009984,train
0009985,test
0009986,train
0009987,train
0009988,train
0009989,train
0009990,test
0009991,train
0009992,validation
0009993,train
0009994,train
0009995,train
0009996,validation
0009997,test
0009998,validation
0009999,test
0010000,train
0010001,train
0010002,validation
0010003,train
0010004,train
0010005,train
0010006,train
0010007,train
0010008,test
0010009,train
0010010,train
0010011,train
0010012,train
0010013,train
0010014,train
0010015,test
0010016,validation
0010017,train
0010018,test
0010019,train
0010020,train
0010021,test
0010022,train
0010023,train
0010024,train
0010025,validation
0010026,test
0010027,train
0010028,train
0010029,train
0010030,validation
0010031,train
0010032,validation
0010033,test
0010034,test
0010035,train
0010036,train
0010037,train
0010038,test
0010039,train
0010040,train
0010041,train
0010042,train
0010043,train
0010044,test
0010045,train
0010046,train
0010047,train
0010048,train
0010049,train
0010050,train
0010051,validation
0010052,test
0010053,train
0010054,train
0010055,validation
0010056,train
0010057,validation
0010058,train
0010059,train
0010060,validation
0010061,train
0010062,validation
0010063,train
0010064,train
0010065,test
0010066,test
0010067,train
0010068,train
0010069,validation
0010070,train
0010071,validation
0010072,train
0010073,train
0010074,train
0010075,train
0010076,test
0010077,train
0010078,test
0010079,validation
0010080,test
0010081,test
0010082,train
0010083,train
0010084,validation
0010085,test
0010086,train
0010087,train
0010088,train
0010089,train
0010090,train
0010091,train
0010092,train
0010093,train
0010094,test
0010095,train
0010096,train
0010097,train
0010098,test
0010099,validation
0010100,train
0010101,train
0010102,validation
0010103,train
0010104,test
0010105,test
0010106,train
0010107,train
0010108,train
0010109,train
0010110,test
0010111,test
0010112,validation
0010113,train
0010114,train
0010115,validation
0010116,train
0010117,train
0010118,test
0010119,test
0010120,validation
0010121,validation
0010122,train
0010123,train
0010124,train
0010125,train
0010126,train
0010127,validation
0010128,train
0010129,train
0010130,train
0010131,validation
0010132,validation
0010133,validation
0010134,train
0010135,train
0010136,train
0010137,train
0010138,train
0010139,train
0010140,test
0010141,validation
0010142,train
0010143,train
0010144,train
0010145,train
0010146,test
0010147,train
0010148,train
0010149,validation
0010150,validation
0010151,test
0010152,train
0010153,train
0010154,test
0010155,validation
0010156,train
0010157,train
0010158,train
0010159,test
0010160,train
0010161,train
0010162,validation
0010163,train
0010164,train
0010165,train
0010166,train
0010167,test
0010168,train
0010169,train
0010170,train
0010171,train
0010172,validation
0010173,train
0010174,train
0010175,train
0010176,train
0010177,train
0010178,test
0010179,train
0010180,train
0010181,validation
0010182,train
0010183,test
0010184,train
0010185,test
0010186,train
0010187,train
0010188,train
0010189,train
0010190,test
0010191,validation
0010192,test
0010193,train
0010194,train
0010195,train
0010196,train
0010197,train
0010198,train
0010199,train
0010200,train
0010201,train
0010202,train
0010203,train
0010204,train
0010205,train
0010206,validation
0010207,train
0010208,train
0010209,test
0010210,validation
0010211,train
0010212,train
0010213,train
0010214,train
0010215,train
0010216,train
0010217,train
0010218,train
0010219,train
0010220,train
0010221,train
0010222,train
0010223,test
0010224,validation
0010225,train
0010226,train
0010227,test
0010228,validation
0010229,train
0010230,validation
0010231,train
0010232,validation
0010233,train
0010234,train
0010235,train
0010236,train
0010237,train
0010238,train
0010239,train
0010240,train
0010241,train
0010242,train
0010243,validation
0010244,test
0010245,train
0010246,test
0010247,validation
0010248,train
0010249,validation
0010250,test
0010251,train
0010252,train
0010253,test
0010254,train
0010255,test
0010256,test
0010257,train
0010258,train
0010259,train
0010260,train
0010261,train
0010262,test
0010263,train
0010264,test
0010265,train
0010266,validation
0010267,train
0010268,train
0010269,train
0010270,validation
0010271,train
0010272,train
0010273,validation
0010274,validation
0010275,test
0010276,validation
0010277,validation
0010278,test
0010279,test
0010280,validation
0010281,train
0010282,train
0010283,train
0010284,test
0010285,train
0010286,train
0010287,train
0010288,train
0010289,train
0010290,test
0010291,train
0010292,train
0010293,train
0010294,validation
0010295,train
0010296,train
0010297,validation
0010298,validation
0010299,test
0010300,train
0010301,train
0010302,train
0010303,train
0010304,train
0010305,validation
0010306,validation
0010307,train
0010308,train
0010309,validation
0010310,train
0010311,test
0010312,test
0010313,train
0010314,train
0010315,train
0010316,train
0010317,train
0010318,train
0010319,validation
0010320,train
0010321,train
0010322,train
0010323,train
0010324,test
0010325,validation
0010326,validation
0010327,test
0010328,validation
0010329,train
0010330,train
0010331,train
0010332,test
0010333,train
0010334,train
0010335,validation
0010336,validation
0010337,train
0010338,train
0010339,validation
0010340,validation
0010341,train
0010342,train
0010343,train
0010344,test
0010345,test
0010346,validation
0010347,test
0010348,train
0010349,test
0010350,train
0010351,train
0010352,train
0010353,train
0010354,validation
0010355,validation
0010356,train
0010357,train
0010358,test
0010359,train
0010360,train
0010361,test
0010362,train
0010363,train
0010364,train
0010365,test
0010366,test
0010367,validation
0010368,train
0010369,train
0010370,train
0010371,test
0010372,train
0010373,test
0010374,train
0010375,test
0010376,train
0010377,train
0010378,train
0010379,train
0010380,validation
0010381,train
0010382,test
0010383,train
0010384,test
0010385,train
0010386,validation
0010387,train
0010388,validation
0010389,train
0010390,train
0010391,test
0010392,train
0010393,validation
0010394,train
0010395,train
0010396,validation
0010397,test
0010398,train
0010399,train
0010400,train
0010401,train
0010402,train
0010403,test
0010404,train
0010405,train
0010406,train
0010407,train
0010408,train
0010409,validation
0010410,train
0010411,validation
0010412,test
0010413,test
0010414,test
0010415,train
0010416,train
0010417,test
0010418,train
0010419,test
0010420,train
0010421,validation
0010422,validation
0010423,train
0010424,train
0010425,train
0010426,train
0010427,train
0010428,validation
0010429,train
0010430,train
0010431,train
0010432,train
0010433,train
0010434,train
0010435,test
0010436,validation
0010437,train
0010438,train
0010439,train
0010440,validation
0010441,train
0010442,train
0010443,test
0010444,test
0010445,validation
0010446,train
0010447,train
0010448,test
0010449,train
0010450,train
0010451,validation
0010452,train
0010453,test
0010454,train
0010455,train
0010456,train
0010457,train
0010458,test
0010459,train
0010460,validation
0010461,test
0010462,test
0010463,train
0010464,validation
0010465,test
0010466,train
0010467,validation
0010468,train
0010469,train
0010470,train
0010471,validation
0010472,train
0010473,train
0010474,test
0010475,validation
0010476,train
0010477,train
0010478,test
0010479,validation
0010480,train
0010481,validation
0010482,train
0010483,train
0010484,train
0010485,validation
0010486,train
0010487,train
0010488,train
0010489,validation
0010490,train
0010491,test
0010492,train
0010493,train
0010494,train
0010495,train
0010496,train
0010497,train
0010498,validation
0010499,train
0010500,train
0010501,train
0010502,test
0010503,train
0010504,train
0010505,train
0010506,train
0010507,train
0010508,train
0010509,test
0010510,train
0010511,validation
0010512,test
0010513,train
0010514,test
0010515,train
0010516,test
0010517,train
0010518,train
0010519,train
0010520,train
0010521,train
0010522,validation
0010523,validation
0010524,train
0010525,validation
0010526,train
0010527,test
0010528,validation
0010529,train
0010530,validation
0010531,test
0010532,train
0010533,validation
0010534,test
0010535,train
0010536,train
0010537,train
0010538,test
0010539,train
0010540,train
0010541,train
0010542,train
0010543,train
0010544,train
0010545,train
0010546,validation
0010547,train
0010548,validation
0010549,train
0010550,validation
0010551,test
0010552,test
0010553,validation
0010554,validation
0010555,train
0010556,test
0010557,test
0010558,train
0010559,train
0010560,train
0010561,train
0010562,train
0010563,validation
0010564,train
0010565,train
0010566,train
0010567,test
0010568,test
0010570,train
0010571,train
0010572,train
0010573,train
0010574,train
0010575,train
0010576,train
0010577,train
0010578,train
0010579,validation
0010580,train
0010581,train
0010582,train
0010583,test
0010584,train
0010585,validation
0010586,train
0010587,test
0010588,train
0010589,train
0010590,validation
0010591,train
0010592,test
0010593,test
